"URL handle","Title","Description","Vendor","Type","Tags","Published on online store","Status","Option1 name","Option1 value","SKU","Price","Inventory tracker","Continue selling when out of stock","Fulfillment service","Weight value (grams)","Weight unit for display","Requires shipping","Product image URL","Image position","Image alt text","Collection"
"hickory-smoked-cheddar-spread","Hickory Smoked Cheddar Spread","<p>Cheddar Cheese spread that is hickory smoked.</p>","Ehlenbachs Cheese Chalet","Cheese Spreads","design-batch-2025-10-28, cheese-spreads, source-out-of-stock","true","active","Title","Default Title","hickorysmokedcheddarspread","7.99","","deny","manual","567","lb","true","","","","Cheese Spreads"
"cheese-curds-10-oz-garlic-and-herb-gouda","Cheese Curds - 10 oz. Garlic and Herb Gouda","<p>Garlic and Herb Flavored Gouda Cheese Curds - A Wisconsin favorite, cheese curds are one of the mildest cheeses, and taste best when eaten at room temperature.  Made with Gouda Cheese.</p>","Ehlenbachs Cheese Chalet","Cheese Curds","design-batch-2025-10-28, cheese-curds, source-out-of-stock","true","active","Title","Default Title","cheese-curds-garlic-and-herb-gouda","7.99","","deny","manual","454","lb","true","","","","Cheese Curds"
"12-oz-smoked-pepper-string-cheese","12 oz. Smoked Pepper String Cheese","<p>12 oz.  Cherrywood Smoked Pepper String Cheese.  Low Moisture, Part Skim Milk, Jalapeno Peppers Added.</p>","Ehlenbachs Cheese Chalet","Smoked Cheeses","design-batch-2025-10-28, smoked-cheeses","true","active","Title","Default Title","12oz-string-cheese-pepper-smoked","10.99","","deny","manual","567","lb","true","https://ehlenbachscheese.com/prodimages/Cherrywood%20Smoked%20Pepper%20String.JPG","1","12 oz. Smoked Pepper String Cheese","Smoked Cheeses"
"7-4th-generation-classic","7. 4th Generation Classic","<p>Wisconsin Cheddar Flight4 - 8 oz. pieces of cheddar from mild to aged sharp8 oz. Gouda8 oz. Smoked Gouda8 oz. Colby8 oz. Pepper Jack16 oz. All Beef Garlic Sausage16 oz. All Beef Plain Sausage*Pictured in our large gift box.</p>","Ehlenbachs Cheese Chalet","Gift Baskets and Boxes","design-batch-2025-10-28, gift-baskets-and-boxes","true","active","Title","Default Title","74thgenerationclassic","84.99","","deny","manual","5216","lb","true","https://ehlenbachscheese.com/prodimages/7%204th%20Generation%20Box.jpg","1","7. 4th Generation Classic","Gift Baskets and Boxes"
"banana-pepper-jack","Banana Pepper Jack","<p>Monterey Jack with Banana Peppers for a mild heat. 1 lb. Naturally Lactose Free, Gluten Free and Vegetarian.</p>","Ehlenbachs Cheese Chalet","Colby, Jacks, & Goudas","design-batch-2025-10-28, colby-jacks-goudas","true","active","Title","Default Title","bananapepperjack1lb.","10.99","","deny","manual","680","lb","true","https://ehlenbachscheese.com/prodimages/Banana%20Pepper%20Jack%201%20resized.jpg","1","Banana Pepper Jack","Colby, Jacks, & Goudas"
"smoked-swiss-and-cheddar-2-25lb","Smoked Swiss and Cheddar 2.25lb","<p>Mixture of swiss and cheddar that has been hickory smoked. 2.5 lbs.</p>","Ehlenbachs Cheese Chalet","Cheddars","design-batch-2025-10-28, cheddars","true","active","Title","Default Title","smoked-swiss-and-cheddar2.25","23.95","","deny","manual","1021","lb","true","https://ehlenbachscheese.com/prodimages/Smk%20Swiss%20and%20Ched%201%20resized.jpg","1","Smoked Swiss and Cheddar 2.25lb","Cheddars"
"hickory-smoked-blue-cheese-12-oz","Hickory Smoked Blue Cheese, 12 oz.","<p>Ehlenbachs smoked blue cheese is hickory smoked on-site and sells incredibly well in our cheese store. Made for that blue cheese lover in your life! 12 oz.</p>","Ehlenbachs Cheese Chalet","Smoked Cheeses","design-batch-2025-10-28, smoked-cheeses","true","active","Title","Default Title","Hickory-Smoked-Blue-Cheese-12oz","13.99","","deny","manual","567","lb","true","https://ehlenbachscheese.com/prodimages/Smoked%20Blue%201%20resized.jpg","1","Hickory Smoked Blue Cheese, 12 oz.","Smoked Cheeses"
"swiss-almond-spread","Swiss Almond Spread","<p>12 oz. Swiss cheese spread with pieces of almonds throughout.</p>","Ehlenbachs Cheese Chalet","Cheese Spreads","design-batch-2025-10-28, cheese-spreads","true","active","Title","Default Title","swiss-almond-spread","7.99","","deny","manual","567","lb","true","https://ehlenbachscheese.com/prodimages/Swiss%20Almond%20Spread.JPG","1","Swiss Almond Spread","Cheese Spreads"
"hickory-smoked-jalapeno-havarti","Hickory Smoked Jalapeno Havarti","<p>Creamy Havarti cheese with a great punch of Jalapeno. We then run it through our smokehouse. A great cheese for any burger!</p>","Ehlenbachs Cheese Chalet","Smoked Cheeses","design-batch-2025-10-28, smoked-cheeses","true","active","Title","Default Title","hickory-smoked-jalapeno-havarti","13.99","","deny","manual","567","lb","true","https://ehlenbachscheese.com/prodimages/Smoked%20Jalapeno%20Havarti%201%20resized.jpg","1","Hickory Smoked Jalapeno Havarti","Smoked Cheeses"
"medium-cheddar-1lb","Medium Cheddar (1lb)","<p>Aged over 1 year, medium-sharp flavor with a smooth and creamy texture. Weight: 1lb</p>","Ehlenbachs Cheese Chalet","Cheddars","design-batch-2025-10-28, cheddars","true","active","Title","Default Title","medium-cheddar-1","9.99","","deny","manual","567","lb","true","https://ehlenbachscheese.com/prodimages/Medium%20Ched%201%20resized.jpg","1","Medium Cheddar (1lb)","Cheddars"
"10-the-executive-basket","10. The Executive Basket","<p>8 oz. Mild Beef Snack Sticks16 oz. All Beef Sausage5 - 8 oz. Cuts of Wisconsin Cheese3 - 7 oz. Gourmet Cheese Spreads9.5 oz. Strawberry Rhubarb Jam10 oz. Cherry Honey Mustard5 oz. Fudge3.5 oz. Mayana Chocolate Bar4.4 oz. Crackers*Pictured in our largest gift basket.</p>","Ehlenbachs Cheese Chalet","Gift Baskets and Boxes","design-batch-2025-10-28, gift-baskets-and-boxes","true","active","Title","Default Title","10theexecutive","149.99","","deny","manual","5987","lb","true","https://ehlenbachscheese.com/prodimages/10%20The%20Executive%20Basket.jpg","1","10. The Executive Basket","Gift Baskets and Boxes"
"horseradish-cheddar","Horseradish Cheddar","<p>1 lb. Horseradish Cheddar</p>","Ehlenbachs Cheese Chalet","Cheddars","design-batch-2025-10-28, cheddars","true","active","Title","Default Title","horseradish-cheddar","10.99","","deny","manual","567","lb","true","https://ehlenbachscheese.com/prodimages/Horseradish%20Ched%201%20resized.jpg","1","Horseradish Cheddar","Cheddars"
"cherrywood-smoked-havarti","Cherrywood Smoked Havarti","<p>Sweet Cherrywood Smoked Havarti--Perfect for melting down or for your Grilled Cheese.</p>","Ehlenbachs Cheese Chalet","Smoked Cheeses","design-batch-2025-10-28, smoked-cheeses","true","active","Title","Default Title","cherrywood-smoked-havarti","12.99","","deny","manual","567","lb","true","https://ehlenbachscheese.com/prodimages/Smoked%20Havarti%201%20resized.jpg","1","Cherrywood Smoked Havarti","Smoked Cheeses"
"pepper-jack","Pepper Jack","<p>Monterey Jack cheese with jalapeno peppers added.</p>","Ehlenbachs Cheese Chalet","Colby, Jacks, & Goudas","design-batch-2025-10-28, colby-jacks-goudas","true","active","Title","Default Title","45991lbpepperjack","9.99","","deny","manual","680","lb","true","https://ehlenbachscheese.com/prodimages/Pepper%20Jack%201%20resized.jpg","1","Pepper Jack","Colby, Jacks, & Goudas"
"buttery-swiss","Buttery Swiss","<p>Aged for about 8 months. Rich, buttery flavor. Great for slicing and melting.</p>","Ehlenbachs Cheese Chalet","Swiss","design-batch-2025-10-28, swiss","true","active","Title","Default Title","4401_5lbbutteryswiss","12.99","","deny","manual","2722","lb","true","https://ehlenbachscheese.com/prodimages/Buttery%20Swiss%201%20resized.jpg","1","Buttery Swiss","Swiss"
"1lb-chardonnay-bellavitano-cheese","1lb. Chardonnay Bellavitano Cheese","<p>Bellavitano that is soaked in chardonnay wine to give the cheese bright and buttery notes of wine. The combination of Wisconsin Cheddar cheese and Parmesan give this cheese a terrific texture, somewhere between creamy and rich and crunchy and granular.</p>","Ehlenbachs Cheese Chalet","Italian Cheeses","design-batch-2025-10-28, italian-cheeses","true","active","Title","Default Title","_chardonnaybellavitanocheese","19.99","","deny","manual","567","lb","true","https://ehlenbachscheese.com/prodimages/Chardonnay%20Bellavitano.JPG","1","1lb. Chardonnay Bellavitano Cheese","Italian Cheeses"
"cheddar-cheese-curds-10-oz-peppercorn-ranch","Cheddar Cheese Curds - 10 oz. Peppercorn Ranch","<p>Online special price of $5.99 for a limited time.Peppercorn Ranch flavored Cheese Curds - A Wisconsin favorite, cheese curds are one of the mildest cheeses, and taste best when eaten at room temperature.</p>","Ehlenbachs Cheese Chalet","Cheese Curds","design-batch-2025-10-28, cheese-curds","true","active","Title","Default Title","cheddar-cheese-curds-peppercorn-ranch","5.99","","deny","manual","567","lb","true","https://ehlenbachscheese.com/prodimages/Peppercorn%20Ranch%20Ched%20Curds%201%20resized.jpg","1","Cheddar Cheese Curds - 10 oz. Peppercorn Ranch","Cheese Curds"
"1-lb-wisconsin-cranberry-gouda","1 lb. Wisconsin Cranberry Gouda","<p>Wisconsin Cranberry Gouda. 1 lb.</p>","Ehlenbachs Cheese Chalet","Colby, Jacks, & Goudas","design-batch-2025-10-28, colby-jacks-goudas","true","active","Title","Default Title","Wisconsincranberrygouda1lb","12.99","","deny","manual","454","lb","true","https://ehlenbachscheese.com/prodimages/WI%20Cran%20Gouda%201%20resized.jpg","1","1 lb. Wisconsin Cranberry Gouda","Colby, Jacks, & Goudas"
"cranberry-cheddar-5-5lb","Cranberry Cheddar 5.5lb","<p>Great as a dessert cheese, our Cranberry Cheddar Cheese features white sharp cheddar with cranberries added. 5.5 lbs.</p>","Ehlenbachs Cheese Chalet","Cheddars","design-batch-2025-10-28, cheddars","true","active","Title","Default Title","cranberry-cheddar-5.5","74.95","","deny","manual","2495","lb","true","https://ehlenbachscheese.com/prodimages/Cranberry%20Ched%201%20resized.jpg","1","Cranberry Cheddar 5.5lb","Cheddars"
"hickory-smoked-colby-jack","Hickory Smoked Colby Jack","<p>Award winning Co-Jack the we have Hickory Smoked. A win-win!</p>","Ehlenbachs Cheese Chalet","Smoked Cheeses","design-batch-2025-10-28, smoked-cheeses","true","active","Title","Default Title","hickory-smoked-colby-jack","10.99","","deny","manual","567","lb","true","https://ehlenbachscheese.com/prodimages/Smoked-Colby-Jack.jpg","1","Hickory Smoked Colby Jack","Smoked Cheeses"
"ghost-habanero-cheddar-1lb","Ghost Habanero Cheddar 1lb","<p>One of our hottest cheeses, our Ghost Habanero Cheddar is a mild cheddar with ghost chili &amp; habanero peppers added. WARNING!! Not for the faint of heart! 1 lb.</p>","Ehlenbachs Cheese Chalet","HOT, HOT, HOT!","design-batch-2025-10-28, hot-hot-hot","true","active","Title","Default Title","ghost-habanero-cheddar-1","12.99","","deny","manual","567","lb","true","https://ehlenbachscheese.com/prodimages/ghost-habanero-cheddar.jpg","1","Ghost Habanero Cheddar 1lb","HOT, HOT, HOT!"
"2-year-old-aged-swiss","2 Year Old Aged Swiss","<p>Aged by us for up to 2 years. Very strong flavor.</p>","Ehlenbachs Cheese Chalet","Swiss","design-batch-2025-10-28, swiss","true","active","Title","Default Title","2-year-old-aged-swiss","15.99","","deny","manual","567","lb","true","https://ehlenbachscheese.com/prodimages/Aged%20Swiss%201%20resized.jpg","1","2 Year Old Aged Swiss","Swiss"
"aged-gouda","Aged Gouda","<p>Aged for about 8-12 months. Has a stronger flavor than regular Gouda.</p>","Ehlenbachs Cheese Chalet","Colby, Jacks, & Goudas","design-batch-2025-10-28, colby-jacks-goudas","true","active","Title","Default Title","aged-gouda","12.99","","deny","manual","567","lb","true","https://ehlenbachscheese.com/prodimages/Aged%20Gouda%201%20resized.jpg","1","Aged Gouda","Colby, Jacks, & Goudas"
"lacey-swiss","Lacey Swiss","<p>Reduced fat, reduced sodium, gluten free, GH and lactose free! Lacey Swiss has 6 grams of fat per one ounce serving. Firm texture, with tiny holes throughout, and a mild swiss flavor. Weight: 1lb</p>","Ehlenbachs Cheese Chalet","Swiss","design-batch-2025-10-28, swiss","true","active","Title","Default Title","lacey-swiss","10.99","","deny","manual","567","lb","true","https://ehlenbachscheese.com/prodimages/Lacey%20Swiss.jpg","1","Lacey Swiss","Swiss"
"honey-bbq-jack","Honey BBQ Jack","<p>Monterey Jack Cheese with Honey BBQ.  Sweet and Smokey.  1 lb..</p>","Ehlenbachs Cheese Chalet","Colby, Jacks, & Goudas","design-batch-2025-10-28, colby-jacks-goudas","true","active","Title","Default Title","honeybbqjack1lb.","10.99","","deny","manual","680","lb","true","https://ehlenbachscheese.com/prodimages/Honey%20BBQ%20Jack%201%20resized.jpg","1","Honey BBQ Jack","Colby, Jacks, & Goudas"
"5-the-big-cheese","5. The Big Cheese","<p>Description:8 oz. 20 Year Old Sharp Cheddar8 oz. Alpenaro (Gouda-Parmesan Blend)8 oz. Morel Mushroom and Leek Jack8 oz. Smoked Blueberry Cheddar3.5 oz. Mayana Chocolate Bar*Pictured in our small gift box.</p>","Ehlenbachs Cheese Chalet","Gift Baskets and Boxes","design-batch-2025-10-28, gift-baskets-and-boxes","true","active","Title","Default Title","5thebigcheese","89.99","","deny","manual","2608","lb","true","https://ehlenbachscheese.com/prodimages/5%20The%20Big%20Cheese%20Box.jpg","1","5. The Big Cheese","Gift Baskets and Boxes"
"1-say-cheese","1. Say Cheese","<p>8 oz. 2 Year Old Cheddar8 oz. Muenster8 oz. Colby Jack8 oz. Smoked Gouda*Pictured in our small gift box.</p>","Ehlenbachs Cheese Chalet","Gift Baskets and Boxes","design-batch-2025-10-28, gift-baskets-and-boxes","true","active","Title","Default Title","1saycheese","31.99","","deny","manual","2540","lb","true","https://ehlenbachscheese.com/prodimages/Say%20cheese.jpg","1","1. Say Cheese","Gift Baskets and Boxes"
"smoked-swiss-and-cheddar-1lb","Smoked Swiss and Cheddar 1lb","<p>Mixture of swiss and cheddar that has been hickory smoked. 1 lb.</p>","Ehlenbachs Cheese Chalet","Cheddars","design-batch-2025-10-28, cheddars","true","active","Title","Default Title","smoked-swiss-and-cheddar-1","10.99","","deny","manual","567","lb","true","https://ehlenbachscheese.com/prodimages/Smk%20Swiss%20and%20Ched%201%20resized.jpg","1","Smoked Swiss and Cheddar 1lb","Cheddars"
"goat-cheese-curds-7-oz","Goat Cheese Curds - 7 oz.","<p>7 oz. 100 percent Pure Goat Milk Cheese Curds.</p>","Ehlenbachs Cheese Chalet","Cheese Curds","design-batch-2025-10-28, cheese-curds","true","active","Title","Default Title","goat-cheese-curds","11.99","","deny","manual","454","lb","true","https://ehlenbachscheese.com/prodimages/Goat%20Curds.jpg","1","Goat Cheese Curds - 7 oz.","Cheese Curds"
"cheddy-blue-spread","Cheddy Blue Spread","<p>Cheddar cheese spread flavored with blue cheese.</p>","Ehlenbachs Cheese Chalet","Cheese Spreads","design-batch-2025-10-28, cheese-spreads","true","active","Title","Default Title","Cheddy-Blue-Spread","7.99","","deny","manual","454","lb","true","","","","Cheese Spreads"
"blue-marbled-jack","Blue Marbled Jack","<p>Monterey Jack with Blue Cheese.  Melts nicely and can be easily sliced to add to your burger. 1 lb.</p>","Ehlenbachs Cheese Chalet","Colby, Jacks, & Goudas","design-batch-2025-10-28, colby-jacks-goudas","true","active","Title","Default Title","bluemarbledjack1lb.","10.99","","deny","manual","680","lb","true","https://ehlenbachscheese.com/prodimages/Blue%20Marbled%20Jack%201%20resized.jpg","1","Blue Marbled Jack","Colby, Jacks, & Goudas"
"jalapeno-hot-pepper-spread","Jalapeno Hot Pepper Spread","<p>12oz. Cheddar cheese spread with jalapeno peppers added.</p>","Ehlenbachs Cheese Chalet","Cheese Spreads","design-batch-2025-10-28, cheese-spreads","true","active","Title","Default Title","jalapeno-cheese-spread","7.99","","deny","manual","567","lb","true","","","","Cheese Spreads"
"11-year-sharp-cheddar-1lb","11 Year Sharp Cheddar 1lb","<p>Extra sharp cheddar aged by us over 11 years. 1 lb.</p>","Ehlenbachs Cheese Chalet","Cheddars","design-batch-2025-10-28, cheddars","true","active","Title","Default Title","11-year-sharp-cheddar-1","45.99","","deny","manual","567","lb","true","https://ehlenbachscheese.com/prodimages/11%20Yr%20Ched%201%20resized.jpg","1","11 Year Sharp Cheddar 1lb","Cheddars"
"blueberry-cheddar-5-5lb","Blueberry Cheddar 5.5lb","<p>Great as a dessert cheese, our Blueberry Cheddar features white sharp cheddar with blueberries added. 5.5 lbs.</p>","Ehlenbachs Cheese Chalet","Cheddars","design-batch-2025-10-28, cheddars","true","active","Title","Default Title","blueberry-cheddar-5.5","74.95","","deny","manual","2722","lb","true","https://ehlenbachscheese.com/prodimages/Blueberry%20Ched%201%20resized.jpg","1","Blueberry Cheddar 5.5lb","Cheddars"
"applewood-smoked-portabella-mushroom-and-chive","Applewood Smoked Portabella Mushroom and Chive","<p>Applewood Smoked Portabella Mushroom and Chive - a havarti style cheese. 1 lb.</p>","Ehlenbachs Cheese Chalet","Smoked Cheeses","design-batch-2025-10-28, smoked-cheeses","true","active","Title","Default Title","applewood-smoked-portabella-mushroom-and-chive","13.99","","deny","manual","454","lb","true","https://ehlenbachscheese.com/prodimages/Smoked%20Portabella%20Mushroom%201%20resized.jpg","1","Applewood Smoked Portabella Mushroom and Chive","Smoked Cheeses"
"port-wine-spread","Port Wine Spread","<p>12oz. Cheddar Cheese spread with port wine added.</p>","Ehlenbachs Cheese Chalet","Cheese Spreads","design-batch-2025-10-28, cheese-spreads","true","active","Title","Default Title","port-wine-spread","7.99","","deny","manual","567","lb","true","https://ehlenbachscheese.com/prodimages/Port%20Wine%20Spread.JPG","1","Port Wine Spread","Cheese Spreads"
"summer-truffle-cheddar","Summer Truffle Cheddar","<p>Cheddar Cheese with Summer Truffles, has a subtle earthy, garlicky flavor.  Weight: 1lb</p>","Ehlenbachs Cheese Chalet","Cheddars","design-batch-2025-10-28, cheddars","true","active","Title","Default Title","summertrufflecheddar1lb.","13.99","","deny","manual","567","lb","true","https://ehlenbachscheese.com/prodimages/Summer%20Truffle%20Ched%201%20resized.jpg","1","Summer Truffle Cheddar","Cheddars"
"hickory-smoked-cranberry-cheddar-1lb","Hickory Smoked Cranberry Cheddar (1lb)","<p>White cheddar with cranberries throughout that has been hickory smoked on site!Weight: 1lb</p>","Ehlenbachs Cheese Chalet","Cheddars","design-batch-2025-10-28, cheddars","true","active","Title","Default Title","hickory-smoked-cranberry-cheddar-1","15.99","","deny","manual","454","lb","true","https://ehlenbachscheese.com/prodimages/Smoked%20Cranberry%20Ched%201%20resized.jpg","1","Hickory Smoked Cranberry Cheddar (1lb)","Cheddars"
"5-year-old-white-sharp-cheddar-5-5lb","5 Year Old White Sharp Cheddar 5.5lb","<p>White sharp cheddar aged over 5 years. Semi-crumbly texture. Has natural white color. No food coloring added. 5.5 lbs.</p>","Ehlenbachs Cheese Chalet","Cheddars","design-batch-2025-10-28, cheddars","true","active","Title","Default Title","5-year-old-white-sharp-cheddar-5.5","118.99","","deny","manual","2495","lb","true","https://ehlenbachscheese.com/prodimages/5%20Year%20White%20Ched%201%20resized.jpg","1","5 Year Old White Sharp Cheddar 5.5lb","Cheddars"
"hickory-smoked-colby-longhorn","Hickory Smoked Colby Longhorn","<p>Award winning Colby that we Hickory Smoked for some extra flavor!</p>","Ehlenbachs Cheese Chalet","Smoked Cheeses","design-batch-2025-10-28, smoked-cheeses","true","active","Title","Default Title","hickory-smoked-colby-longhorn","10.99","","deny","manual","567","lb","true","https://ehlenbachscheese.com/prodimages/Smoked-Colby-Longhorn.jpg","1","Hickory Smoked Colby Longhorn","Smoked Cheeses"
"guacamole-cheddar","Guacamole Cheddar","<p>Mild Cheddar with Guacamole Seasoning.  Weight: 1lb</p>","Ehlenbachs Cheese Chalet","Cheddars","design-batch-2025-10-28, cheddars","true","active","Title","Default Title","guacamolecheddar1lb.","9.99","","deny","manual","567","lb","true","https://ehlenbachscheese.com/prodimages/Guacamole%20Ched%201%20resized.jpg","1","Guacamole Cheddar","Cheddars"
"tennessee-whiskey-bellavitano-cheese","Tennessee Whiskey Bellavitano Cheese","<p>Bellavitano meets Tennessee Whiskey! A hard, but creamy cheese with a slight crystalline crunch, and a nutty, fruity flavor with a hint of whiskey.Weight: 1lb</p>","Ehlenbachs Cheese Chalet","Italian Cheeses","design-batch-2025-10-28, italian-cheeses","true","active","Title","Default Title","_Tennesseewhiskeybellavitanocheese","19.99","","deny","manual","567","lb","true","https://ehlenbachscheese.com/prodimages/Tennessee%20Whiskey%20Bella%201%20resized.jpg","1","Tennessee Whiskey Bellavitano Cheese","Italian Cheeses"
"cheddar-cheese-curds-10-oz-white","Cheddar Cheese Curds - 10 oz. White","<p>White Cheese Curds - A Wisconsin favorite, cheese curds are one of the mildest cheeses, and taste best when eaten at room temperature.</p>","Ehlenbachs Cheese Chalet","Cheese Curds","design-batch-2025-10-28, cheese-curds","true","active","Title","Default Title","cheddar-cheese-curds-white","7.99","","deny","manual","454","lb","true","https://ehlenbachscheese.com/prodimages/White%20Ched%20Curds%201%20resized.jpg","1","Cheddar Cheese Curds - 10 oz. White","Cheese Curds"
"double-jalapeno-cheddar-5lb","Double Jalapeno Cheddar 5lb","<p>5 lbs. Double Jalapeno Cheddar is a mild white cheddar with twice the jalapenos added.</p>","Ehlenbachs Cheese Chalet","Cheddars","design-batch-2025-10-28, cheddars","true","active","Title","Default Title","double-jalapeno-cheddar-5","57.95","","deny","manual","2268","lb","true","https://ehlenbachscheese.com/prodimages/Double%20Jalapeno%20Ched%201%20resized.jpg","1","Double Jalapeno Cheddar 5lb","Cheddars"
"5-year-old-white-sharp-cheddar-1lb","5 Year Old White Sharp Cheddar 1lb","<p>White sharp cheddar aged over 5 years. Semi-crumbly texture. Has natural white color. No food coloring added. 1 lb.</p>","Ehlenbachs Cheese Chalet","Cheddars","design-batch-2025-10-28, cheddars","true","active","Title","Default Title","5-year-old-white-sharp-cheddar-1","21.99","","deny","manual","567","lb","true","https://ehlenbachscheese.com/prodimages/5%20Year%20White%20Ched%201%20resized.jpg","1","5 Year Old White Sharp Cheddar 1lb","Cheddars"
"olive-cheddar","Olive Cheddar","<p>1 lb. A mild white cheddar with black and green olives with pimentos added.</p>","Ehlenbachs Cheese Chalet","Cheddars","design-batch-2025-10-28, cheddars","true","active","Title","Default Title","9577_1lbolivecheddar","9.99","","deny","manual","680","lb","true","https://ehlenbachscheese.com/prodimages/Olive%20Ched%201%20resized.jpg","1","Olive Cheddar","Cheddars"
"20-year-sharp-cheddar-1lb","20 Year Sharp Cheddar 1lb","<p>You ask and you shall receive. For an EXTREME sharp cheddar, the oldest yellow cheddar at Ehlenbachs is now 20 years old, with a wonderful taste that can literally knock your socks off! Our 20 year Aged Cheddar Cheese has a wonderful taste to it. One of our must try items. 1 lb.</p>","Ehlenbachs Cheese Chalet","Cheddars","design-batch-2025-10-28, cheddars","true","active","Title","Default Title","20-year-sharp-cheddar-1","99.99","","deny","manual","567","lb","true","https://ehlenbachscheese.com/prodimages/20%20Year%20Ched%201%20resized.jpg","1","20 Year Sharp Cheddar 1lb","Cheddars"
"hickory-smoked-horseradish-cheddar","Hickory Smoked Horseradish Cheddar","<p>A great Horseradish Cheddar with Hickory Smoke. 1 lb.</p>","Ehlenbachs Cheese Chalet","Smoked Cheeses","design-batch-2025-10-28, smoked-cheeses","true","active","Title","Default Title","hickory-smoked-horseradish-cheddar","12.99","","deny","manual","567","lb","true","","","","Smoked Cheeses"
"16-year-old-white-sharp-cheddar-1lb","16 Year Old White Sharp Cheddar 1lb","<p>White sharp cheddar aged over 16 years. Extra Sharp with a  crumbly texture. Has natural white color. No food coloring added. 1 lb.</p>","Ehlenbachs Cheese Chalet","Cheddars","design-batch-2025-10-28, cheddars","true","active","Title","Default Title","16-year-old-white-sharp-cheddar-1","75.99","","deny","manual","567","lb","true","https://ehlenbachscheese.com/prodimages/16%20Year%20Ched%201%20resized.jpg","1","16 Year Old White Sharp Cheddar 1lb","Cheddars"
"mild-cheddar-5-5lb","Mild Cheddar 5.5lb","<p>Aged for about 6 months. Mild and mellow flavor 5.5 lbs.</p>","Ehlenbachs Cheese Chalet","Cheddars","design-batch-2025-10-28, cheddars","true","active","Title","Default Title","mild-cheddar-5.5","41.95","","deny","manual","2495","lb","true","https://ehlenbachscheese.com/prodimages/Mild%20Ched%201%20resized.jpg","1","Mild Cheddar 5.5lb","Cheddars"
"cheese-curds-10-oz-gouda","Cheese Curds - 10 oz. Gouda","<p>Gouda Cheese Curds - A Wisconsin favorite, cheese curds are one of the mildest cheeses, and taste best when eaten at room temperature.  Made with Gouda Cheese - for a limited time only!</p>","Ehlenbachs Cheese Chalet","Cheese Curds","design-batch-2025-10-28, cheese-curds","true","active","Title","Default Title","cheese-curds-gouda","7.99","","deny","manual","454","lb","true","https://ehlenbachscheese.com/prodimages/IMG_1060.jpeg","1","Cheese Curds - 10 oz. Gouda","Cheese Curds"
"medium-cheddar-5-5lb","Medium Cheddar (5.5lb)","<p>Aged over 1 year, medium-sharp flavor with a smooth and creamy texture.Weight: 5.5lb</p>","Ehlenbachs Cheese Chalet","Cheddars","design-batch-2025-10-28, cheddars","true","active","Title","Default Title","medium-cheddar-5.5","51.95","","deny","manual","2495","lb","true","https://ehlenbachscheese.com/prodimages/Medium%20Ched%201%20resized.jpg","1","Medium Cheddar (5.5lb)","Cheddars"
"dragon-s-breath-cheddar-1lb","Dragons Breath Cheddar 1lb","<p>1 lb. Dragons Breath, Cheddar with Habanero Peppers. (Gluten Free)</p>","Ehlenbachs Cheese Chalet","HOT, HOT, HOT!","design-batch-2025-10-28, hot-hot-hot","true","active","Title","Default Title","dragons-breath-cheddar-1","11.99","","deny","manual","567","lb","true","https://ehlenbachscheese.com/prodimages/Dragons%20Breath%20Cheddar%201%20resized.jpg","1","Dragons Breath Cheddar 1lb","HOT, HOT, HOT!"
"caraway-swiss","Caraway Swiss","<p>A smooth, creamy, white processed swiss cheese with caraway seeds throughout. Mild in flavor.  Weight: 1lb</p>","Ehlenbachs Cheese Chalet","Swiss","design-batch-2025-10-28, swiss","true","active","Title","Default Title","caraway-swiss","8.99","","deny","manual","567","lb","true","https://ehlenbachscheese.com/prodimages/Caraway%20Swiss.JPG","1","Caraway Swiss","Swiss"
"goat-cheese-curds-garlic-and-dill-7-oz","Goat Cheese Curds Garlic and Dill - 7 oz.","<p>7 oz. 100 percent Pure Goat Milk Cheese Curds - Garlic and Dill.</p>","Ehlenbachs Cheese Chalet","Cheese Curds","design-batch-2025-10-28, cheese-curds","true","active","Title","Default Title","goat-cheese-curds-garlic-and-dill","11.99","","deny","manual","454","lb","true","https://ehlenbachscheese.com/prodimages/Garlic%20and%20Dill%20Goat%20Curds.jpg","1","Goat Cheese Curds Garlic and Dill - 7 oz.","Cheese Curds"
"colby-jack","Colby-Jack","<p>Colby-Jack is a mild marbled cheese made from Colby and Monterey Jack.</p>","Ehlenbachs Cheese Chalet","Colby, Jacks, & Goudas","design-batch-2025-10-28, colby-jacks-goudas","true","active","Title","Default Title","4513_1lbcolbyjack","8.99","","deny","manual","567","lb","true","https://ehlenbachscheese.com/prodimages/Co-Jack%201%20resized.jpg","1","Colby-Jack","Colby, Jacks, & Goudas"
"smoked-pepper-jack","Smoked Pepper Jack","<p>Hickory Wood Smoked Pepper Jack. 1 lb.</p>","Ehlenbachs Cheese Chalet","Smoked Cheeses","design-batch-2025-10-28, smoked-cheeses","true","active","Title","Default Title","smoked-pepper-jack","11.99","","deny","manual","567","lb","true","https://ehlenbachscheese.com/prodimages/Smk%20Pepper%20Jack%201%20resized.jpg","1","Smoked Pepper Jack","Smoked Cheeses"
"onion-and-chive-cheddar","Onion and Chive Cheddar","<p>Cheddar Cheese with Onions and Chives.Weight: 1 lb.</p>","Ehlenbachs Cheese Chalet","Cheddars","design-batch-2025-10-28, cheddars","true","active","Title","Default Title","Onionandchivecheddar","11.99","","deny","manual","567","lb","true","https://ehlenbachscheese.com/prodimages/Onion%20Chive%20Ched%201%20resized.jpg","1","Onion and Chive Cheddar","Cheddars"
"garlic-pesto-jack","Garlic Pesto Jack","<p>Monterey Jack with Garlic and Pesto. A perfect pizza topper! 1 lb. Naturally Lactose Free, Gluten Free and Vegetarian.</p>","Ehlenbachs Cheese Chalet","Colby, Jacks, & Goudas","design-batch-2025-10-28, colby-jacks-goudas","true","active","Title","Default Title","garlicpestojack1lb.","9.99","","deny","manual","680","lb","true","https://ehlenbachscheese.com/prodimages/Garlic%20Pesto%20Jack%201%20resized.jpg","1","Garlic Pesto Jack","Colby, Jacks, & Goudas"
"bruschetta-jack","Bruschetta Jack","<p>Monterey Jack with Tomato, Garlic, Parsley and Basil.  1 lb.  Naturally Lactose Free, Gluten Free and Vegetarian.</p>","Ehlenbachs Cheese Chalet","Colby, Jacks, & Goudas","design-batch-2025-10-28, colby-jacks-goudas","true","active","Title","Default Title","bruschettajack1lb.","10.99","","deny","manual","680","lb","true","https://ehlenbachscheese.com/prodimages/Bruschetta%20Jack%201%20resized.jpg","1","Bruschetta Jack","Colby, Jacks, & Goudas"
"applewood-smoked-4-year-cheddar-5lb","Applewood Smoked 4 Year Cheddar (5lb)","<p>Four Year Sharp Cheddar that has been applewood smoked on site! A delicious smoky and sharp flavor. Weight: 5lb (whole block)</p>","Ehlenbachs Cheese Chalet","Smoked Cheeses","design-batch-2025-10-28, smoked-cheeses","true","active","Title","Default Title","smoked-four-year-cheddar-5","112.99","","deny","manual","2268","lb","true","https://ehlenbachscheese.com/prodimages/Smoked%204%20Yr%20Ched%201%20resized.jpg","1","Applewood Smoked 4 Year Cheddar (5lb)","Smoked Cheeses"
"applewood-smoked-garlic-cheddar-1-lb","Applewood Smoked Garlic Cheddar, 1 lb.","<p>Applewood Smoked Garlic Cheddar. 1 lb.</p>","Ehlenbachs Cheese Chalet","Smoked Cheeses","design-batch-2025-10-28, smoked-cheeses","true","active","Title","Default Title","applewood-smoked-garlic-cheddar-1","10.99","","deny","manual","454","lb","true","https://ehlenbachscheese.com/prodimages/Smoked-Garlic-White-Cheddar.jpg","1","Applewood Smoked Garlic Cheddar, 1 lb.","Smoked Cheeses"
"horseradish-spread-12-oz","Horseradish Spread 12 oz","<p>Cheddar spread with horseradish added. (White horseradish spread does not have color added to it.)</p>","Ehlenbachs Cheese Chalet","Cheese Spreads","design-batch-2025-10-28, cheese-spreads","true","active","Title","Default Title","horseradish-spread-12oz","7.99","","deny","manual","567","lb","true","https://ehlenbachscheese.com/prodimages/Horseradish%20Spread.JPG","1","Horseradish Spread 12 oz","Cheese Spreads"
"variety-pack-1lb","Variety Pack 1lb","<p>Can&#x27;t decide which one to have You do not have to with this Variety pack that contains four of some of the most popular Wisconsin cheeses: Colby, Colby Jack, Mild Cheddar and Monterey Jack. 1 lb.</p>","Ehlenbachs Cheese Chalet","Cheddars","design-batch-2025-10-28, cheddars","true","active","Title","Default Title","variety-pack-1","8.99","","deny","manual","567","lb","true","https://ehlenbachscheese.com/prodimages/Smoked-Variety-Pack_small.jpg","1","Variety Pack 1lb","Cheddars"
"merlot-cheddar","Merlot Cheddar","<p>Merlot wine infused white cheddar cheese. When in curd form, the cheese is soaked in merlot, which seeps into the cracks as it forms into a block and produces a marbled effect.Weight: 1lb</p>","Ehlenbachs Cheese Chalet","Cheddars","design-batch-2025-10-28, cheddars","true","active","Title","Default Title","1-lb-merlot-cheddar","14.99","","deny","manual","567","lb","true","https://ehlenbachscheese.com/prodimages/Merlot%20Ched%201%20resized.jpg","1","Merlot Cheddar","Cheddars"
"hickory-smoked-bacon-cheddar-5lb","Hickory Smoked Bacon Cheddar 5lb","<p>A great mix of Cheddar and Bacon. We then Hickory Smoke the product for even more flavor. 5 lbs.</p>","Ehlenbachs Cheese Chalet","Smoked Cheeses","design-batch-2025-10-28, smoked-cheeses","true","active","Title","Default Title","hickory-smoked-bacon-cheddar-5","57.95","","deny","manual","2268","lb","true","https://ehlenbachscheese.com/prodimages/Smoked%20Bacon%20Ched%201%20resized.jpg","1","Hickory Smoked Bacon Cheddar 5lb","Smoked Cheeses"
"bacon-cheddar","Bacon Cheddar","<p>Yellow cheddar with bacon added.Weight: 1lb</p>","Ehlenbachs Cheese Chalet","Cheddars","design-batch-2025-10-28, cheddars","true","active","Title","Default Title","1lbbaconcheddar","9.99","","deny","manual","567","lb","true","","","","Cheddars"
"specialty-cheese-spreads-apple-cinnamon","Specialty Cheese Spreads - Apple Cinnamon","<p>7 oz. Apple Cinnamon flavored cheese spread. OUR VERY OWN CREATION! You have to taste it to believe it. A true triumph!</p>","Ehlenbachs Cheese Chalet","Cheese Spreads","design-batch-2025-10-28, cheese-spreads","true","active","Title","Default Title","cheese-spreads-apple-cinnamon","6.99","","deny","manual","227","lb","true","https://ehlenbachscheese.com/prodimages/Apple%20Cinn%20Spread%201%20resized.jpg","1","Specialty Cheese Spreads - Apple Cinnamon","Cheese Spreads"
"mesquite-smoked-7-year-cheddar-5lb","Mesquite Smoked 7 Year Cheddar (5lb)","<p>Seven Year White Cheddar that has been mesquite wood smoked on site! Weight: 5lb (whole block)</p>","Ehlenbachs Cheese Chalet","Cheddars","design-batch-2025-10-28, cheddars","true","active","Title","Default Title","Smoked-7-Year-Cheddar-5","147.99","","deny","manual","2268","lb","true","https://ehlenbachscheese.com/prodimages/Smoked%207%20Yr%20White%20Ched%201%20resized.jpg","1","Mesquite Smoked 7 Year Cheddar (5lb)","Cheddars"
"7-year-old-sharp-cheddar-1lb","7 Year Old Sharp Cheddar 1lb","<p>Extra sharp cheddar aged by us for over 7 years. Very sharp flavor. Texture is very dry and crumbly. This cheese is one of our specialties! 1 lb.</p>","Ehlenbachs Cheese Chalet","Cheddars","design-batch-2025-10-28, cheddars","true","active","Title","Default Title","7-year-old-sharp-cheddar-1","27.99","","deny","manual","567","lb","true","https://ehlenbachscheese.com/prodimages/7%20Year%20Cheddar.png","1","7 Year Old Sharp Cheddar 1lb","Cheddars"
"spinach-artichoke-jack","Spinach Artichoke Jack","<p>Monterey Jack with Spinach and Artichoke.  1 lb.</p>","Ehlenbachs Cheese Chalet","Colby, Jacks, & Goudas","design-batch-2025-10-28, colby-jacks-goudas","true","active","Title","Default Title","spinachartichokejack1lb.","9.99","","deny","manual","680","lb","true","https://ehlenbachscheese.com/prodimages/Spinach%20Artichoke%20Jack%201%20resized.jpg","1","Spinach Artichoke Jack","Colby, Jacks, & Goudas"
"smoked-mild-cheddar-cheese-1lb","Smoked Mild Cheddar Cheese 1lb","<p>Mild Cheddar Cheese that has been hickory smoked. 1 lb.</p>","Ehlenbachs Cheese Chalet","Cheddars","design-batch-2025-10-28, cheddars","true","active","Title","Default Title","smoked-mild-cheddar-cheese-1","10.99","","deny","manual","567","lb","true","https://ehlenbachscheese.com/prodimages/Smoked%20Mild%20Ched%201%20resized.jpg","1","Smoked Mild Cheddar Cheese 1lb","Cheddars"
"cheese-curds-10-oz-morel-mushroom-and-leek-cheddar-curds","Cheese Curds - 10 oz. Morel Mushroom and Leek Cheddar Curds","<p>Online special price of $5.99 for a limited time.Morel Mushroom and Leek Cheddar Cheese Curds.  10 oz. bag</p>","Ehlenbachs Cheese Chalet","Cheese Curds","design-batch-2025-10-28, cheese-curds","true","active","Title","Default Title","morelmushroomandleekcheddarcurds","5.99","","deny","manual","","lb","true","","","","Cheese Curds"
"morel-mushroom-and-leek-jack","Morel Mushroom and Leek Jack","<p>Monterey Jack cheese with morel mushrooms and leeks added. Naturally Lactose Free, Gluten Free and Vegetarian.</p>","Ehlenbachs Cheese Chalet","Colby, Jacks, & Goudas","design-batch-2025-10-28, colby-jacks-goudas","true","active","Title","Default Title","morel-mushroom-and-leek-jack","12.99","","deny","manual","567","lb","true","https://ehlenbachscheese.com/prodimages/Morel%20Mushroom%20Leek%20Jack%201%20resized.jpg","1","Morel Mushroom and Leek Jack","Colby, Jacks, & Goudas"
"applewood-smoked-garlic-cheddar-5-lbs","Applewood Smoked Garlic Cheddar, 5 lbs.","<p>Applewood Smoked Garlic Cheddar. 5 lbs.</p>","Ehlenbachs Cheese Chalet","Smoked Cheeses","design-batch-2025-10-28, smoked-cheeses","true","active","Title","Default Title","applewood-smoked-garlic-cheddar-5","52.95","","deny","manual","2268","lb","true","https://ehlenbachscheese.com/prodimages/Smoked-Garlic-White-Cheddar.jpg","1","Applewood Smoked Garlic Cheddar, 5 lbs.","Smoked Cheeses"
"applewood-smoked-4-year-cheddar-1lb","Applewood Smoked 4 Year Cheddar (1lb)","<p>Four Year Sharp Cheddar that has been Applewood smoked on site! A delicious smoky and sharp flavor. Weight: 1lb</p>","Ehlenbachs Cheese Chalet","Smoked Cheeses","design-batch-2025-10-28, smoked-cheeses","true","active","Title","Default Title","smoked-four-year-cheddar-1","20.99","","deny","manual","567","lb","true","https://ehlenbachscheese.com/prodimages/Smoked%204%20Yr%20Ched%201%20resized.jpg","1","Applewood Smoked 4 Year Cheddar (1lb)","Smoked Cheeses"
"mediterranean-sunset-cheddar","Mediterranean Sunset Cheddar","<p>Mediterranean Cheddar - gluten free.  White cheddar with 12 Mediterranean spices, great for breads, Italian dishes, salads and grilled chicken.Weight: 1lb</p>","Ehlenbachs Cheese Chalet","Cheddars","design-batch-2025-10-28, cheddars","true","active","Title","Default Title","1-lb-mediterraneansunset","12.99","","deny","manual","567","lb","true","https://ehlenbachscheese.com/prodimages/Mediterranean%20Sunset%20Ched%201%20resized.jpg","1","Mediterranean Sunset Cheddar","Cheddars"
"2-cheese-and-crackers","2. Cheese and Crackers","<p>The perfect snack combo!8 oz. All Beef Sausage8 oz. Cheese Spread8 oz. Mild Cheddar4.4 oz. Cracker*Pictured in our small gift box.</p>","Ehlenbachs Cheese Chalet","Gift Baskets and Boxes","design-batch-2025-10-28, gift-baskets-and-boxes","true","active","Title","Default Title","2cheeseandcrackers","36.99","","deny","manual","2404","lb","true","https://ehlenbachscheese.com/prodimages/2%20Cheese%20and%20Crackers%20Box.jpg","1","2. Cheese and Crackers","Gift Baskets and Boxes"
"3-taste-of-wisconsin","3. Taste of Wisconsin","<p>Spreads, cheese, and sausage...the best of Wisconsin in a box!8 oz. Gourmet Cheese Spread8 oz. Variety Cheese Pack(Colby, Co-Jack, Mild Cheddar, Monterey Jack)8 oz. All Beef Sausage4 oz. Mild Cheddar Wisconsin Shape (Wax Dipped)*Pictured in our small gift box.</p>","Ehlenbachs Cheese Chalet","Gift Baskets and Boxes","design-batch-2025-10-28, gift-baskets-and-boxes","true","active","Title","Default Title","3tasteofwisconsin","39.99","","deny","manual","2449","lb","true","https://ehlenbachscheese.com/prodimages/3%20Taste%20of%20Wisconsin%20Box.jpg","1","3. Taste of Wisconsin","Gift Baskets and Boxes"
"applewood-smoked-garlic-brick","Applewood Smoked Garlic Brick","<p>White, creamy, mild brick cheese with garlic that has been Applewood Smoked.     Weight: 1lb</p>","Ehlenbachs Cheese Chalet","Smoked Cheeses","design-batch-2025-10-28, smoked-cheeses","true","active","Title","Default Title","applewood-smoked-garlic-brick","9.99","","deny","manual","567","lb","true","https://ehlenbachscheese.com/prodimages/Chimney-Sweep.jpg","1","Applewood Smoked Garlic Brick","Smoked Cheeses"
"applewood-smoked-bacon-muenster-1-lb","Applewood Smoked Bacon Muenster, 1 lb.","<p>Creamy Wisconsin Muenster with bacon added and then run through our smokehouse. 1 lb.</p>","Ehlenbachs Cheese Chalet","Smoked Cheeses","design-batch-2025-10-28, smoked-cheeses","true","active","Title","Default Title","applewood-smoked-bacon-muenster-1","11.99","","deny","manual","454","lb","true","https://ehlenbachscheese.com/prodimages/Smoked%20Bacon%20Muenster%201%20Resized.jpg","1","Applewood Smoked Bacon Muenster, 1 lb.","Smoked Cheeses"
"bacon-spread","Bacon Spread","<p>12 oz. Bacon flavored cheddar spread.</p>","Ehlenbachs Cheese Chalet","Cheese Spreads","design-batch-2025-10-28, cheese-spreads","true","active","Title","Default Title","bacon-spread","7.99","","deny","manual","567","lb","true","https://ehlenbachscheese.com/prodimages/Smokey%20Bacon%20Spread.JPG","1","Bacon Spread","Cheese Spreads"
"4-year-sharp-cheddar-1lb","4 Year Sharp Cheddar (1lb)","<p>Aged over 4 years, with a very sharp flavor and semi-dry texture. Weight: 1lb</p>","Ehlenbachs Cheese Chalet","Cheddars","design-batch-2025-10-28, cheddars","true","active","Title","Default Title","4-year-old-very-sharp-cheddar-1","18.99","","deny","manual","567","lb","true","https://ehlenbachscheese.com/prodimages/4%20Year%20Ched%201%20resized.jpg","1","4 Year Sharp Cheddar (1lb)","Cheddars"
"door-county-cherry-cheddar","Door County Cherry Cheddar","<p>Mild Cheddar with tart Door County Cherries.  Weight: 1lb</p>","Ehlenbachs Cheese Chalet","Cheddars","design-batch-2025-10-28, cheddars","true","active","Title","Default Title","1lbdoorcountycherrycheddar","11.99","","deny","manual","567","lb","true","https://ehlenbachscheese.com/prodimages/Door%20County%20Cherry%20Ched%201%20resized.jpg","1","Door County Cherry Cheddar","Cheddars"
"applewood-smoked-butterkaese","Applewood Smoked Butterkaese","<p>Smooth Creamy Wisconsin Butter Cheese with a Great Applewood Smoke. Makes a Great Grilled Cheese!</p>","Ehlenbachs Cheese Chalet","Smoked Cheeses","design-batch-2025-10-28, smoked-cheeses","true","active","Title","Default Title","applewood-smoked-butterkaese","14.99","","deny","manual","567","lb","true","https://ehlenbachscheese.com/prodimages/Smoked%20Butterkaese%201%20resized.jpg","1","Applewood Smoked Butterkaese","Smoked Cheeses"
"16-year-old-white-sharp-cheddar-5-5lb","16 Year Old White Sharp Cheddar 5.5lb","<p>White sharp cheddar aged over 16 years. Extra Sharp with a  crumbly texture. Has natural white color. No food coloring added. 5.5 lb.</p>","Ehlenbachs Cheese Chalet","Cheddars","design-batch-2025-10-28, cheddars","true","active","Title","Default Title","16-year-old-white-sharp-cheddar-5.5","415.99","","deny","manual","2495","lb","true","https://ehlenbachscheese.com/prodimages/16%20Year%20Ched%201%20resized.jpg","1","16 Year Old White Sharp Cheddar 5.5lb","Cheddars"
"spreader","Spreader","<p>Stainless steel spreader Hardwood Handle 8&quot;/20cm</p>","Ehlenbachs Cheese Chalet","Cheese Spreads","design-batch-2025-10-28, cheese-spreads","true","active","Title","Default Title","spreader","5.25","","deny","manual","454","lb","true","https://ehlenbachscheese.com/prodimages/spreader.jpg","1","Spreader","Cheese Spreads"
"cheddar-cheese-curds-10-oz-white-and-yellow","Cheddar Cheese Curds - 10 oz. White and Yellow","<p>White and Yellow Cheese Curds - A Wisconsin favorite, cheese curds are one of the mildest cheeses, and taste best when eaten at room temperature.</p>","Ehlenbachs Cheese Chalet","Cheese Curds","design-batch-2025-10-28, cheese-curds","true","active","Title","Default Title","cheddar-cheese-curds-white-and-yellow","7.99","","deny","manual","454","lb","true","https://ehlenbachscheese.com/prodimages/White%20Yellow%20Ched%20Curds%201%20resized.jpg","1","Cheddar Cheese Curds - 10 oz. White and Yellow","Cheese Curds"
"2-year-sharp-cheddar-1lb","2 Year Sharp Cheddar (1lb)","<p>Cheddar aged over 2 years, with a sharp flavor and smooth texture.Weight: 1lb</p>","Ehlenbachs Cheese Chalet","Cheddars","design-batch-2025-10-28, cheddars","true","active","Title","Default Title","2-year-old-sharp-cheddar-1","12.99","","deny","manual","567","lb","true","https://ehlenbachscheese.com/prodimages/2%20Year%20Ched%201%20resized.jpg","1","2 Year Sharp Cheddar (1lb)","Cheddars"
"applewood-smoked-variety-pack-5lb","Applewood Smoked Variety Pack 5lb","<p>Cant decide which one to have You do not have to with this Applewood Smoked Variety pack that contains four of some of the most popular Wisconsin cheese: Colby, Colby Jack, Mild Cheddar and Monterey Jack all smoked in our on-site smoker. 5 lbs.</p>","Ehlenbachs Cheese Chalet","Smoked Cheeses","design-batch-2025-10-28, smoked-cheeses","true","active","Title","Default Title","applewood-smoked-variety-pack-5","52.95","","deny","manual","2268","lb","true","https://ehlenbachscheese.com/prodimages/Smoked%20Variety%20Pack%201%20resized.jpg","1","Applewood Smoked Variety Pack 5lb","Smoked Cheeses"
"applewood-smoked-variety-pack-1lb","Applewood Smoked Variety Pack 1lb","<p>Cant decide which one to have You do not have to with this Applewood Smoked Variety pack that contains four of some of the most popular Wisconsin cheese: Colby, Colby Jack, Mild Cheddar and Monterey Jack all smoked in our on-site smoker. 1 lb.</p>","Ehlenbachs Cheese Chalet","Smoked Cheeses","design-batch-2025-10-28, smoked-cheeses","true","active","Title","Default Title","applewood-smoked-variety-pack-1","10.99","","deny","manual","567","lb","true","https://ehlenbachscheese.com/prodimages/Smoked%20Variety%20Pack%201%20resized.jpg","1","Applewood Smoked Variety Pack 1lb","Smoked Cheeses"
"hickory-smoked-bacon-cheddar-1lb","Hickory Smoked Bacon Cheddar 1lb","<p>A great mix of Cheddar and Bacon. We then Hickory Smoke the product for even more flavor. 1 lb.</p>","Ehlenbachs Cheese Chalet","Smoked Cheeses","design-batch-2025-10-28, smoked-cheeses","true","active","Title","Default Title","hickory-smoked-bacon-cheddar-1","11.99","","deny","manual","567","lb","true","https://ehlenbachscheese.com/prodimages/Smoked%20Bacon%20Ched%201%20resized.jpg","1","Hickory Smoked Bacon Cheddar 1lb","Smoked Cheeses"
"colby-longhorn","Colby Longhorn","<p>A Wisconsin original! Firm, open texture, mild to mellow flavor.</p>","Ehlenbachs Cheese Chalet","Colby, Jacks, & Goudas","design-batch-2025-10-28, colby-jacks-goudas","true","active","Title","Default Title","4510_1lbcolbylonghorn","8.99","","deny","manual","567","lb","true","https://ehlenbachscheese.com/prodimages/Colby%201%20resized.jpg","1","Colby Longhorn","Colby, Jacks, & Goudas"
"bellavitano-cheese","Bellavitano Cheese","<p>A hard, but creamy cheese with a slight crystalline crunch, and a nutty, fruity flavor. Use it for anything you would use Parmesan for and more.Weight: 1lb</p>","Ehlenbachs Cheese Chalet","Italian Cheeses","design-batch-2025-10-28, italian-cheeses","true","active","Title","Default Title","4551_bellavitanocheese","19.99","","deny","manual","567","lb","true","https://ehlenbachscheese.com/prodimages/Bellavitano%201%20resized.jpg","1","Bellavitano Cheese","Italian Cheeses"
"strawberry-cheddar","Strawberry Cheddar","<p>Cheddar Cheese with Strawberries.  Weight: 1lb</p>","Ehlenbachs Cheese Chalet","Cheddars","design-batch-2025-10-28, cheddars","true","active","Title","Default Title","strawberrycheddar1lb.","13.99","","deny","manual","567","lb","true","https://ehlenbachscheese.com/prodimages/Strawberry%20Ched%201%20resized.jpg","1","Strawberry Cheddar","Cheddars"
"1-lb-mesquite-wood-smoked-bacon-gouda","1 lb. Mesquite Wood Smoked Bacon Gouda","<p>Mesquite Wood Smoked Bacon Gouda.  1 lb.</p>","Ehlenbachs Cheese Chalet","Colby, Jacks, & Goudas","design-batch-2025-10-28, colby-jacks-goudas","true","active","Title","Default Title","mesquite-wood-smoked-bacon-gouda","12.99","","deny","manual","454","lb","true","https://ehlenbachscheese.com/prodimages/Smoked%20Bacon%20Gouda%201%20resized.jpg","1","1 lb. Mesquite Wood Smoked Bacon Gouda","Colby, Jacks, & Goudas"
"alpenaro","Alpenaro","<p>A delicious Gouda-Parmesan blend.  1 lb. piece</p>","Ehlenbachs Cheese Chalet","Colby, Jacks, & Goudas","design-batch-2025-10-28, colby-jacks-goudas","true","active","Title","Default Title","1lbalpenaro","12.99","","deny","manual","567","lb","true","https://ehlenbachscheese.com/prodimages/Alpenaro%201%20resized.jpg","1","Alpenaro","Colby, Jacks, & Goudas"
"sarvecchio-parmesan","Sarvecchio Parmesan","<p>Double aged parmesan. 22 months old or greater. A new way to enjoy parmesan.</p>","Ehlenbachs Cheese Chalet","Italian Cheeses","design-batch-2025-10-28, italian-cheeses","true","active","Title","Default Title","sarvecchio-parmesan","19.99","","deny","manual","567","lb","true","https://ehlenbachscheese.com/prodimages/Sarvecchio%201%20resized.jpg","1","Sarvecchio Parmesan","Italian Cheeses"
"pantaleo-green-jack","Pantaleo Green Jack","<p>Mild and creamy Monterey Jack with roasted pueblo green chilies and roasted garlic throughout. (Comparable to Pepper Jack spiciness.)Weight: 1lb</p>","Ehlenbachs Cheese Chalet","Colby, Jacks, & Goudas","design-batch-2025-10-28, colby-jacks-goudas","true","active","Title","Default Title","1-lb-pantaleo-green-jack","11.99","","deny","manual","680","lb","true","https://ehlenbachscheese.com/prodimages/Pantaleo%20Jack%201%20resized.jpg","1","Pantaleo Green Jack","Colby, Jacks, & Goudas"
"4-year-sharp-cheddar-5-5lb","4 Year Sharp Cheddar (5.5lb)","<p>Aged over 4 years, with a very sharp flavor and semi-dry texture. Weight: 5.5lb</p>","Ehlenbachs Cheese Chalet","Cheddars","design-batch-2025-10-28, cheddars","true","active","Title","Default Title","4-year-old-sharp-cheddar-5.5","101.99","","deny","manual","2495","lb","true","https://ehlenbachscheese.com/prodimages/4%20Year%20Ched%201%20resized.jpg","1","4 Year Sharp Cheddar (5.5lb)","Cheddars"
"1-lb-habanero-jack","1 lb. Habanero Jack","<p>1 lb. Habanero Jack</p>","Ehlenbachs Cheese Chalet","Colby, Jacks, & Goudas","design-batch-2025-10-28, colby-jacks-goudas","true","active","Title","Default Title","1lbhabanerojack","10.99","","deny","manual","454","lb","true","https://ehlenbachscheese.com/prodimages/Habanero%20Jack%201%20resized.jpg","1","1 lb. Habanero Jack","Colby, Jacks, & Goudas"
"parmesan","Parmesan","<p>Buttery, sweet, nutty flavor intensifies with age. Hard, granular texture. Aged over 10 months. Commonly used for shredding and grating.</p>","Ehlenbachs Cheese Chalet","Italian Cheeses","design-batch-2025-10-28, italian-cheeses","true","active","Title","Default Title","4544_1lbparmesan","16.99","","deny","manual","567","lb","true","https://ehlenbachscheese.com/prodimages/Parmesan%201%20resized.jpg","1","Parmesan","Italian Cheeses"
"20-year-sharp-cheddar-5lb","20 Year Sharp Cheddar 5lb","<p>You ask and you shall receive. For an EXTREME sharp cheddar, the oldest yellow cheddar at Ehlenbachs is now 20 years old, with a wonderful taste that can literally knock your socks off! Our 20 year Aged Cheddar Cheese has a wonderful taste to it. One of our must try items. 5 lbs.</p>","Ehlenbachs Cheese Chalet","Cheddars","design-batch-2025-10-28, cheddars","true","active","Title","Default Title","20-year-sharp-cheddar-5","547.99","","deny","manual","2495","lb","true","https://ehlenbachscheese.com/prodimages/20%20Year%20Ched%201%20resized.jpg","1","20 Year Sharp Cheddar 5lb","Cheddars"
"9-the-badger-basket","9. The Badger Basket","<p>1 lb. Football Sausage4 oz. Mild Cheddar Wisconsin Shape (Wax Dipped)8 oz. Tailgater Cheese Spread (Beer, Cheddar and Salami)7 oz. Gourmet Cheese Spread10 oz. Cherry Honey Mustard8 oz. Colby8 oz. 2 Year Sharp Cheddar8 oz. Wisconsin Cranberry Gouda8 oz. Beef Snack Sticks4.4 oz. Crackers*Pictured in our large gift basket.</p>","Ehlenbachs Cheese Chalet","Gift Baskets and Boxes","design-batch-2025-10-28, gift-baskets-and-boxes","true","active","Title","Default Title","9thebadgerbasket","109.99","","deny","manual","5126","lb","true","https://ehlenbachscheese.com/prodimages/9%20The%20Badger%20Basket.jpg","1","9. The Badger Basket","Gift Baskets and Boxes"
"specialty-cheese-spreads-tailgater","Specialty Cheese Spreads - Tailgater","<p>8 oz. Tailgater cheese spread. OUR VERY OWN CREATION! You have to taste it to believe it. A true triumph!  Beer, Cheddar and Salami.</p>","Ehlenbachs Cheese Chalet","Cheese Spreads","design-batch-2025-10-28, cheese-spreads","true","active","Title","Default Title","cheese-spreads-tailgater","6.99","","deny","manual","227","lb","true","https://ehlenbachscheese.com/prodimages/Tailgater%20Spread%201%20resized.jpg","1","Specialty Cheese Spreads - Tailgater","Cheese Spreads"
"baby-swiss","Baby Swiss","<p>Young swiss with tiny holes and mild flavor.</p>","Ehlenbachs Cheese Chalet","Swiss","design-batch-2025-10-28, swiss","true","active","Title","Default Title","4459_1lbbabyswiss","9.99","","deny","manual","567","lb","true","https://ehlenbachscheese.com/prodimages/Baby%20Swiss%201%20resized.jpg","1","Baby Swiss","Swiss"
"maple-bourbon-cheddar","Maple Bourbon Cheddar","<p>Cheddar with Bourbon and a hint of Maple, Caramel and Molasses.   Weight: 1lb</p>","Ehlenbachs Cheese Chalet","Cheddars","design-batch-2025-10-28, cheddars","true","active","Title","Default Title","maplebourboncheddar1lb.","13.99","","deny","manual","567","lb","true","https://ehlenbachscheese.com/prodimages/Maple%20Bourbon%20Ched%201%20resized.jpg","1","Maple Bourbon Cheddar","Cheddars"
"specialty-cheese-spreads-cranberry-sharp-cheddar","Specialty Cheese Spreads - Cranberry Sharp Cheddar","<p>8 oz. Cranberry Sharp Cheddar flavored cheese spread. OUR VERY OWN CREATION! You have to taste it to believe it. A true triumph!</p>","Ehlenbachs Cheese Chalet","Cheese Spreads","design-batch-2025-10-28, cheese-spreads","true","active","Title","Default Title","cheese-spreads-cranberry-cheddar","6.99","","deny","manual","227","lb","true","https://ehlenbachscheese.com/prodimages/Cran%20Sharp%20Ched%20Spread%201%20resized.jpg","1","Specialty Cheese Spreads - Cranberry Sharp Cheddar","Cheese Spreads"
"specialty-cheese-spreads-cranberry-orange","Specialty Cheese Spreads - Cranberry Orange","<p>7 oz. Cranberry Orange flavored cheese spread. OUR VERY OWN CREATION! You have to taste it to believe it. A true triumph!</p>","Ehlenbachs Cheese Chalet","Cheese Spreads","design-batch-2025-10-28, cheese-spreads","true","active","Title","Default Title","cheese-spreads-cranberry-orange","6.99","","deny","manual","227","lb","true","https://ehlenbachscheese.com/prodimages/Cran%20Orange%20Spread%201%20resized.jpg","1","Specialty Cheese Spreads - Cranberry Orange","Cheese Spreads"
"11-year-sharp-cheddar-5-5lb","11 Year Sharp Cheddar 5.5lb","<p>Extra sharp cheddar aged by us over 11 years. 5.5 lbs.</p>","Ehlenbachs Cheese Chalet","Cheddars","design-batch-2025-10-28, cheddars","true","active","Title","Default Title","11-year-sharp-cheddar-5.5","250.99","","deny","manual","2495","lb","true","https://ehlenbachscheese.com/prodimages/11%20Yr%20Ched%201%20resized.jpg","1","11 Year Sharp Cheddar 5.5lb","Cheddars"
"monterey-jack","Monterey Jack","<p>Monterey Jack is a semi-soft, natural cheese.  Mild and flavorful with a smooth, creamy texture.Naturally Lactose Free, Gluten Free and Vegetarian.</p>","Ehlenbachs Cheese Chalet","Colby, Jacks, & Goudas","design-batch-2025-10-28, colby-jacks-goudas","true","active","Title","Default Title","4517_5lbmontereyjack","8.99","","deny","manual","680","lb","true","https://ehlenbachscheese.com/prodimages/monterey-jack.jpg","1","Monterey Jack","Colby, Jacks, & Goudas"
"xxx-habanero-jack","XXX Habanero Jack","<p>1 lb. XXX Habanero Jack has three times the heat as our Habanero Jack.</p>","Ehlenbachs Cheese Chalet","Colby, Jacks, & Goudas","design-batch-2025-10-28, colby-jacks-goudas","true","active","Title","Default Title","xxxhabanero-jack","11.99","","deny","manual","680","lb","true","https://ehlenbachscheese.com/prodimages/XXX%20Habanero%20Jack%201%20resized.jpg","1","XXX Habanero Jack","Colby, Jacks, & Goudas"
"hickory-smoked-cranberry-cheddar-5lb","Hickory Smoked Cranberry Cheddar (5lb)","<p>White cheddar with cranberries throughout that has been hickory smoked on site!Weight: 5lb (whole block)</p>","Ehlenbachs Cheese Chalet","Cheddars","design-batch-2025-10-28, cheddars","true","active","Title","Default Title","hickory-smoked-cranberry-cheddar-5","77.95","","deny","manual","2268","lb","true","https://ehlenbachscheese.com/prodimages/Smoked%20Cranberry%20Ched%201%20resized.jpg","1","Hickory Smoked Cranberry Cheddar (5lb)","Cheddars"
"8-dairyland-delight-basket","8. Dairyland Delight Basket","<p>4 oz. Mild Cheddar Cow Shape (Wax Dipped)8 oz. All Beef Sausage8 oz. Gourmet Cheese Spread8 oz. Colby Jack5 oz. Cow Tracks Fudge (Sea Salt, Caramel and Toffee)4.4 oz. Crackers*Pictured in our small gift basket.</p>","Ehlenbachs Cheese Chalet","Gift Baskets and Boxes","design-batch-2025-10-28, gift-baskets-and-boxes","true","active","Title","Default Title","8thedairylanddelight","59.99","","deny","manual","2404","lb","true","https://ehlenbachscheese.com/prodimages/Dairyland%20Delight%20Basket%20resized.jpg","1","8. Dairyland Delight Basket","Gift Baskets and Boxes"
"1-lb-bacon-gouda","1 lb. Bacon Gouda","<p>Bacon Gouda. 1 lb.</p>","Ehlenbachs Cheese Chalet","Colby, Jacks, & Goudas","design-batch-2025-10-28, colby-jacks-goudas","true","active","Title","Default Title","bacongouda1lb","10.99","","deny","manual","454","lb","true","https://ehlenbachscheese.com/prodimages/Bacon%20Gouda%201%20resized.jpg","1","1 lb. Bacon Gouda","Colby, Jacks, & Goudas"
"pecanwood-smoked-parmesan-1-lb","Pecanwood Smoked Parmesan 1 lb.","<p>A New Creation for you Pasta dishes! Try our Pecanwood Smoked Parmesan grated on your next pasta dish. What can we say Perfecto!</p>","Ehlenbachs Cheese Chalet","Smoked Cheeses","design-batch-2025-10-28, smoked-cheeses","true","active","Title","Default Title","pecanwood-smoked-parmesan","18.99","","deny","manual","567","lb","true","https://ehlenbachscheese.com/prodimages/Smoked-Parmesan.jpg","1","Pecanwood Smoked Parmesan 1 lb.","Smoked Cheeses"
"1lb-rosemary-olive-oil-asiago","1lb. Rosemary Olive Oil Asiago","<p>An Italian inspired farmstead cheese made from pasteurized cows milk, which has been hand-rubbed with rosemary and Italian olive oil.  The flavor is a cross between a Parmesan and sharp white Cheddar with a savory high note complementing the rich, nutty and fruity flavor of Asiago. 1 lb.</p>","Ehlenbachs Cheese Chalet","Italian Cheeses","design-batch-2025-10-28, italian-cheeses","true","active","Title","Default Title","_rosemaryoliveoilasiagocheese","19.99","","deny","manual","567","lb","true","https://ehlenbachscheese.com/prodimages/Rosemary%20Olive%20Oil%20Asiago%201%20resized.jpg","1","1lb. Rosemary Olive Oil Asiago","Italian Cheeses"
"triple-threat-colby-jack","Triple Threat Colby Jack","<p>1 lb. Colby Jack with Habaneros, Jalapeos and Chipotle Chiles.Naturally Lactose Free, Gluten Free and Vegetarian.</p>","Ehlenbachs Cheese Chalet","Colby, Jacks, & Goudas","design-batch-2025-10-28, colby-jacks-goudas","true","active","Title","Default Title","triple-threat-co-jack","9.99","","deny","manual","567","lb","true","https://ehlenbachscheese.com/prodimages/Triple%20Threat%20Co-Jack%201%20resized.jpg","1","Triple Threat Colby Jack","Colby, Jacks, & Goudas"
"1-lb-ghost-habanero-jack","1 lb. Ghost Habanero Jack","<p>1 lb. Ghost Habanero Jack</p>","Ehlenbachs Cheese Chalet","Colby, Jacks, & Goudas","design-batch-2025-10-28, colby-jacks-goudas","true","active","Title","Default Title","habanero-jack-ghost-1","11.99","","deny","manual","454","lb","true","https://ehlenbachscheese.com/prodimages/Ghost%20Habanero%20Jack%201%20resized.jpg","1","1 lb. Ghost Habanero Jack","Colby, Jacks, & Goudas"
"applewood-smoked-bacon-muenster-3-5-lbs","Applewood Smoked Bacon Muenster, 3.5 lbs.","<p>Creamy Wisconsin Muenster with bacon added and then run through our smokehouse. 3.5 lbs.</p>","Ehlenbachs Cheese Chalet","Smoked Cheeses","design-batch-2025-10-28, smoked-cheeses","true","active","Title","Default Title","applewood-smoked-bacon-muenster-3.5","39.95","","deny","manual","1588","lb","true","https://ehlenbachscheese.com/prodimages/Smoked%20Bacon%20Muenster%201%20Resized.jpg","1","Applewood Smoked Bacon Muenster, 3.5 lbs.","Smoked Cheeses"
"aged-asiago-spread","Aged Asiago Spread","<p>12 oz. spreadable Aged Asiago.</p>","Ehlenbachs Cheese Chalet","Cheese Spreads","design-batch-2025-10-28, cheese-spreads","true","active","Title","Default Title","aged-asiago","7.99","","deny","manual","567","lb","true","https://ehlenbachscheese.com/prodimages/Aged%20Asiago%20Spread.JPG","1","Aged Asiago Spread","Cheese Spreads"
"swiss-gruyere","Swiss Gruyere","<p>Nutty, rich, full-bodied flavor. Firm texture with a few tiny holes. Most commonly used in cheese fondues and baked dishes.</p>","Ehlenbachs Cheese Chalet","Swiss","design-batch-2025-10-28, swiss","true","active","Title","Default Title","swiss-gruyere","19.99","","deny","manual","567","lb","true","https://ehlenbachscheese.com/prodimages/Swiss%20Gruyere%201%20resized.jpg","1","Swiss Gruyere","Swiss"
"mozzarella","Mozzarella","<p>Semisoft; smooth rubbery texture. Mild flavor. Made with part skim milk. Only 5 grams of fat per one ounce serving.</p>","Ehlenbachs Cheese Chalet","Italian Cheeses","design-batch-2025-10-28, italian-cheeses","true","active","Title","Default Title","4538_1lbmozzarella","7.99","","deny","manual","567","lb","true","https://ehlenbachscheese.com/prodimages/Mozzarella%201%20resized.jpg","1","Mozzarella","Italian Cheeses"
"louisiana-crab-boil-cheddar","Louisiana Crab Boil Cheddar","<p>Cheddar with Crab Boil Seasonings, Cayenne Pepper and Lemon Zest.  Weight: 1lb</p>","Ehlenbachs Cheese Chalet","Cheddars","design-batch-2025-10-28, cheddars","true","active","Title","Default Title","louisianacrabboilcheddar1lb","11.99","","deny","manual","567","lb","true","https://ehlenbachscheese.com/prodimages/Louisiana%20Crab%20Boil%20Ched%201%20resized.jpg","1","Louisiana Crab Boil Cheddar","Cheddars"
"co-jack-cheese-and-pepperoni","Co-Jack Cheese and Pepperoni","<p>Colby Jack Cheese with pepperoni - a great combination.</p>","Ehlenbachs Cheese Chalet","Colby, Jacks, & Goudas","design-batch-2025-10-28, colby-jacks-goudas","true","active","Title","Default Title","co-jack-cheese-pepperoni","9.99","","deny","manual","567","lb","true","https://ehlenbachscheese.com/prodimages/Cojack%20Pepperoni%201%20resized.jpg","1","Co-Jack Cheese and Pepperoni","Colby, Jacks, & Goudas"
"6-happy-hostess","6. Happy Hostess","<p>2 - Gourmet Cheese Spreads8 oz. Buffalo Jack8 oz. Garlic and Dill Gouda8 oz. Chocolate Cheese (90 percent Havarti Cheese, tastes like fudge)8 oz. Chedster (Cheddar-Muenster blend)10 oz. Cherry Honey Mustard16 oz. All Beef Sausage4.4 oz. Crackers*Pictured in our large gift box.</p>","Ehlenbachs Cheese Chalet","Gift Baskets and Boxes","design-batch-2025-10-28, gift-baskets-and-boxes","true","active","Title","Default Title","6thehappyhostess","79.99","","deny","manual","4990","lb","true","","","","Gift Baskets and Boxes"
"buffalo-monterey-jack","Buffalo Monterey Jack","<p>Monterey Jack with the spicy heat of buffalo wing sauce.</p>","Ehlenbachs Cheese Chalet","Colby, Jacks, & Goudas","design-batch-2025-10-28, colby-jacks-goudas","true","active","Title","Default Title","5lbbuffalomontereyjack","10.99","","deny","manual","2495","lb","true","https://ehlenbachscheese.com/prodimages/Buffalo%20Jack%201%20resized.jpg","1","Buffalo Monterey Jack","Colby, Jacks, & Goudas"
"hickory-smoked-baby-swiss","Hickory Smoked Baby Swiss","<p>Mild and smooth baby swiss that has been hickory smoked on site!</p>","Ehlenbachs Cheese Chalet","Swiss","design-batch-2025-10-28, swiss","true","active","Title","Default Title","smoked-baby-swiss","10.99","","deny","manual","567","lb","true","https://ehlenbachscheese.com/prodimages/Smoked%20Baby%20Swiss%201%20resized.jpg","1","Hickory Smoked Baby Swiss","Swiss"
"7-year-old-sharp-cheddar-5-5lb","7 Year Old Sharp Cheddar 5.5lb","<p>Extra sharp cheddar aged by us for over 7 years. Very sharp flavor. Texture is very dry and crumbly. This cheese is one of our specialties! 5.5 lbs.</p>","Ehlenbachs Cheese Chalet","Cheddars","design-batch-2025-10-28, cheddars","true","active","Title","Default Title","7-year-old-extra-sharp-cheddar-5.5","151.99","","deny","manual","2495","lb","true","https://ehlenbachscheese.com/prodimages/7%20Year%20Cheddar.png","1","7 Year Old Sharp Cheddar 5.5lb","Cheddars"
"gouda","Gouda","<p>Made with whole milk. Rich, buttery, slightly sweet flavor. Smooth, creamy texture.</p>","Ehlenbachs Cheese Chalet","Colby, Jacks, & Goudas","design-batch-2025-10-28, colby-jacks-goudas","true","active","Title","Default Title","4501_5lbwheelgouda","9.99","","deny","manual","567","lb","true","https://ehlenbachscheese.com/prodimages/Gouda%201%20resized.jpg","1","Gouda","Colby, Jacks, & Goudas"
"garlic-parmesan-cheddar","Garlic Parmesan Cheddar","<p>Mild Cheddar with Garlic and Parmesan.  Weight: 1lb</p>","Ehlenbachs Cheese Chalet","Cheddars","design-batch-2025-10-28, cheddars","true","active","Title","Default Title","1lbgarlicparmesancheddar","9.99","","deny","manual","567","lb","true","https://ehlenbachscheese.com/prodimages/Garlic%20Parm%20Ched%201%20resized.jpg","1","Garlic Parmesan Cheddar","Cheddars"
"blueberry-cheddar-1lb","Blueberry Cheddar 1lb","<p>Great as a dessert cheese, our Blueberry Cheddar features white sharp cheddar with blueberries added. 1 lb.</p>","Ehlenbachs Cheese Chalet","Cheddars","design-batch-2025-10-28, cheddars","true","active","Title","Default Title","blueberry-cheddar-1","13.99","","deny","manual","567","lb","true","https://ehlenbachscheese.com/prodimages/Blueberry%20Ched%201%20resized.jpg","1","Blueberry Cheddar 1lb","Cheddars"
"apple-jack-cheese","Apple Jack Cheese","<p>A mixture of Monterey Jack, Swiss, and Cheddar cheeses. This is a mild, semi-soft cheese. (does not contain apples)</p>","Ehlenbachs Cheese Chalet","Colby, Jacks, & Goudas","design-batch-2025-10-28, colby-jacks-goudas","true","active","Title","Default Title","apple-jack-cheese","12.99","","deny","manual","567","lb","true","https://ehlenbachscheese.com/prodimages/Apple%20Jack%201%20resized.jpg","1","Apple Jack Cheese","Colby, Jacks, & Goudas"
"cheddar-cheese-curds-10-oz-ghost-habanero","Cheddar Cheese Curds - 10 oz. Ghost Habanero","<p>Ghost Habanero Cheddar Cheese Curds - A Wisconsin favorite, cheese curds are one of the mildest cheeses we added Ghost Habanero to get some nice heat!Taste best when eaten at room temperature.</p>","Ehlenbachs Cheese Chalet","Cheese Curds","design-batch-2025-10-28, cheese-curds","true","active","Title","Default Title","cheddar-cheese-curds-ghost-habanero","7.99","","deny","manual","567","lb","true","https://ehlenbachscheese.com/prodimages/Ghost%20Hab%20Ched%20Curds%201%20resized.jpg","1","Cheddar Cheese Curds - 10 oz. Ghost Habanero","Cheese Curds"
"sharp-cheddar-spread","Sharp Cheddar Spread","<p>Our Sharp Cheddar spread is available in 12 oz. or 2 lb. Tub.We also have a 15 oz. 4 Year Sharp Cheddar Spread and 2 lb. 17 Year Sharp Cheddar Spread</p>","Ehlenbachs Cheese Chalet","Cheese Spreads","design-batch-2025-10-28, cheese-spreads","true","active","Title","Default Title","sharp-cheddar-spread","7.99","","deny","manual","567","lb","true","https://ehlenbachscheese.com/prodimages/Sharp%20Cheddar%20Spread%2C%2012%20oz..JPG","1","Sharp Cheddar Spread","Cheese Spreads"
"hickory-smoked-blueberry-cheddar-5lb","Hickory Smoked Blueberry Cheddar (5lb)","<p>White cheddar with blueberries throughout that has been hickory smoked on site!Weight: 5lb (whole block)</p>","Ehlenbachs Cheese Chalet","Smoked Cheeses","design-batch-2025-10-28, smoked-cheeses","true","active","Title","Default Title","hickory-smoked-blueberry-cheddar-5","77.95","","deny","manual","2268","lb","true","https://ehlenbachscheese.com/prodimages/Smoked%20Blueberry%20Ched%201%20resized.jpg","1","Hickory Smoked Blueberry Cheddar (5lb)","Smoked Cheeses"
"hickory-smoked-blueberry-cheddar-1lb","Hickory Smoked Blueberry Cheddar (1lb)","<p>White cheddar with blueberries throughout that has been hickory smoked on site!Weight: 1lb</p>","Ehlenbachs Cheese Chalet","Smoked Cheeses","design-batch-2025-10-28, smoked-cheeses","true","active","Title","Default Title","hickory-smoked-blueberry-cheddar-1","15.99","","deny","manual","567","lb","true","https://ehlenbachscheese.com/prodimages/Smoked%20Blueberry%20Ched%201%20resized.jpg","1","Hickory Smoked Blueberry Cheddar (1lb)","Smoked Cheeses"
"mesquite-smoked-7-year-cheddar-1lb","Mesquite Smoked 7 Year Cheddar (1lb)","<p>Seven Year White Cheddar that has been mesquite wood smoked on site! Weight: 1lb</p>","Ehlenbachs Cheese Chalet","Cheddars","design-batch-2025-10-28, cheddars","true","active","Title","Default Title","Smoked-7-Year-Cheddar-1","29.99","","deny","manual","567","lb","true","https://ehlenbachscheese.com/prodimages/Smoked%207%20Yr%20White%20Ched%201%20resized.jpg","1","Mesquite Smoked 7 Year Cheddar (1lb)","Cheddars"
"1-lb-spiced-plum-gouda","1 lb. Spiced Plum Gouda","<p>Spiced Plum Gouda. 1 lb.</p>","Ehlenbachs Cheese Chalet","Colby, Jacks, & Goudas","design-batch-2025-10-28, colby-jacks-goudas","true","active","Title","Default Title","spicedplumgouda1lb","13.99","","deny","manual","454","lb","true","https://ehlenbachscheese.com/prodimages/Spiced%20Plum%20Gouda%201%20resized.jpg","1","1 lb. Spiced Plum Gouda","Colby, Jacks, & Goudas"
"ghost-habanero-cheddar-5lb","Ghost Habanero Cheddar 5lb","<p>One of our hottest cheeses, our Ghost Habanero Cheddar is a mild cheddar with ghost chili &amp; habanero peppers added. WARNING!!! Not for the faint of heart! 5.5 lbs.</p>","Ehlenbachs Cheese Chalet","Cheddars","design-batch-2025-10-28, cheddars","true","active","Title","Default Title","ghost-habanero-cheddar-5","62.95","","deny","manual","2268","lb","true","https://ehlenbachscheese.com/prodimages/ghost-habanero-cheddar.jpg","1","Ghost Habanero Cheddar 5lb","Cheddars"
"8-oz-cheese-curd-batter-mix","8 oz Cheese Curd Batter Mix","<p>Use this batter mix to make delicious deep fried cheese curds. Also works great on chops, chicken, fish, veggies and cheese sticks. One package of mix will coat 1 lb. of cheese curds.</p>","Ehlenbachs Cheese Chalet","Cheese Curds","design-batch-2025-10-28, cheese-curds","true","active","Title","Default Title","5901_8ozcheesecurdbattermix","5.99","","deny","manual","340","lb","true","https://ehlenbachscheese.com/prodimages/Cheese%20Curd%20Batter%20Mix%20new%20logo.jpg","1","8 oz Cheese Curd Batter Mix","Cheese Curds"
"asiago","Asiago","<p>Commonly used as a grating cheese. Flavor similar to a blend of aged cheddar and parmesan.</p>","Ehlenbachs Cheese Chalet","Italian Cheeses","design-batch-2025-10-28, italian-cheeses","true","active","Title","Default Title","asiago","16.99","","deny","manual","567","lb","true","https://ehlenbachscheese.com/prodimages/Asiago%201%20resized.jpg","1","Asiago","Italian Cheeses"
"provolone","Provolone","<p>Firm, white cheese. Mild flavor. Great for sandwiches.</p>","Ehlenbachs Cheese Chalet","Italian Cheeses","design-batch-2025-10-28, italian-cheeses","true","active","Title","Default Title","4540_1lbprovolone","8.99","","deny","manual","567","lb","true","https://ehlenbachscheese.com/prodimages/Provolone%201%20resized.jpg","1","Provolone","Italian Cheeses"
"garlic-and-herb-bellavitano-cheese","Garlic and Herb Bellavitano Cheese","<p>Savory, buttery, Italian cheese rubbed with garlic and herbs. A hard, but creamy cheese with a slight crystalline crunch. Weight: 1lb.</p>","Ehlenbachs Cheese Chalet","Italian Cheeses","design-batch-2025-10-28, italian-cheeses","true","active","Title","Default Title","_Garlicandherbbellavitanocheese","19.99","","deny","manual","567","lb","true","https://ehlenbachscheese.com/prodimages/Garlic%20and%20Herb%20Bellavitano.png","1","Garlic and Herb Bellavitano Cheese","Italian Cheeses"
"smoked-mild-cheddar-cheese-5-5lb","Smoked Mild Cheddar Cheese 5.5lb","<p>Mild Cheddar Cheese that has been hickory smoked. 5.5 lbs.</p>","Ehlenbachs Cheese Chalet","Cheddars","design-batch-2025-10-28, cheddars","true","active","Title","Default Title","smoked-mild-cheddar-cheese-5.5","57.95","","deny","manual","2495","lb","true","https://ehlenbachscheese.com/prodimages/Smoked%20Mild%20Ched%201%20resized.jpg","1","Smoked Mild Cheddar Cheese 5.5lb","Cheddars"
"cranberry-cheddar-1lb","Cranberry Cheddar 1lb","<p>Great as a dessert cheese, our Cranberry Cheddar Cheese features white sharp cheddar with cranberries added. 1 lb.</p>","Ehlenbachs Cheese Chalet","Cheddars","design-batch-2025-10-28, cheddars","true","active","Title","Default Title","cranberry-cheddar-1","13.99","","deny","manual","567","lb","true","https://ehlenbachscheese.com/prodimages/Cranberry%20Ched%201%20resized.jpg","1","Cranberry Cheddar 1lb","Cheddars"
"chedster","Chedster","<p>Chedster is a combination of mild cheddar and muenster.  Melts wonderfully in a grilled cheese sandwich or add to mac and cheese.Weight: 1lb</p>","Ehlenbachs Cheese Chalet","Cheddars","design-batch-2025-10-28, cheddars","true","active","Title","Default Title","1-lb-chedster","8.99","","deny","manual","567","lb","true","https://ehlenbachscheese.com/prodimages/Chedster.png","1","Chedster","Cheddars"
"double-jalapeno-cheddar-1lb","Double Jalapeno Cheddar 1lb","<p>1 lb. Double Jalapeno Cheddar is a mild white cheddar with twice the jalapenos added.</p>","Ehlenbachs Cheese Chalet","Cheddars","design-batch-2025-10-28, cheddars","true","active","Title","Default Title","double-jalapeno-cheddar-1","11.99","","deny","manual","567","lb","true","https://ehlenbachscheese.com/prodimages/Double%20Jalapeno%20Ched%201%20resized.jpg","1","Double Jalapeno Cheddar 1lb","Cheddars"
"chimney-sweep-hickory-smoked-mild-brick","Chimney Sweep (Hickory Smoked Mild Brick)","<p>Mild Brick that has been hickory smoked on-site!</p>","Ehlenbachs Cheese Chalet","Smoked Cheeses","design-batch-2025-10-28, smoked-cheeses","true","active","Title","Default Title","chimney-sweep","11.99","","deny","manual","567","lb","true","https://ehlenbachscheese.com/prodimages/Chimney%20Sweep%201%20resized.jpg","1","Chimney Sweep (Hickory Smoked Mild Brick)","Smoked Cheeses"
"mild-cheddar-1lb","Mild Cheddar 1lb","<p>Aged for about 6 months. Mild and mellow flavor 1 lb</p>","Ehlenbachs Cheese Chalet","Cheddars","design-batch-2025-10-28, cheddars","true","active","Title","Default Title","mild-cheddar-1","7.99","","deny","manual","567","lb","true","https://ehlenbachscheese.com/prodimages/Mild%20Ched%201%20resized.jpg","1","Mild Cheddar 1lb","Cheddars"
"2-year-sharp-cheddar-5-5lb","2 Year Sharp Cheddar (5.5lb)","<p>Aged over 2 years, with a sharp flavor and smooth texture.Weight: 5.5lb</p>","Ehlenbachs Cheese Chalet","Cheddars","design-batch-2025-10-28, cheddars","true","active","Title","Default Title","2-year-old-sharp-cheddar-5.5","68.95","","deny","manual","2495","lb","true","https://ehlenbachscheese.com/prodimages/2%20Year%20Ched%201%20resized.jpg","1","2 Year Sharp Cheddar (5.5lb)","Cheddars"
"garlic-and-herb-spread","Garlic and Herb Spread","<p>12oz. Cheddar spread with garlic and herbs added to it.</p>","Ehlenbachs Cheese Chalet","Cheese Spreads","design-batch-2025-10-28, cheese-spreads","true","active","Title","Default Title","garlic-herb-spread","7.99","","deny","manual","567","lb","true","https://ehlenbachscheese.com/prodimages/Garlic%20and%20Herb%20Spread.JPG","1","Garlic and Herb Spread","Cheese Spreads"
"1-lb-garlic-and-dill-gouda","1 lb. Garlic and Dill Gouda","<p>Garlic and Dill Gouda. 1 lb.</p>","Ehlenbachs Cheese Chalet","Colby, Jacks, & Goudas","design-batch-2025-10-28, colby-jacks-goudas","true","active","Title","Default Title","garlicanddillgouda1lb","10.99","","deny","manual","454","lb","true","https://ehlenbachscheese.com/prodimages/Garlic%20Dill%20Gouda%201%20resized.jpg","1","1 lb. Garlic and Dill Gouda","Colby, Jacks, & Goudas"
"caraway-cheddar","Caraway Cheddar","<p>Cheddar with Caraway Seeds for a nice anise taste, nutty flavor with a little crunch.Weight: 1lb</p>","Ehlenbachs Cheese Chalet","Cheddars","design-batch-2025-10-28, cheddars","true","active","Title","Default Title","carawaycheddar1lb.","10.99","","deny","manual","567","lb","true","https://ehlenbachscheese.com/prodimages/Caraway%20Ched%201%20resized.jpg","1","Caraway Cheddar","Cheddars"
"1-lb-fontina","1 lb. Fontina","<p>A mild, semi-soft, creamy cheese that melts very smoothly. Great for fondue, pizza and pasta 1 lb.</p>","Ehlenbachs Cheese Chalet","Italian Cheeses","design-batch-2025-10-28, italian-cheeses","true","active","Title","Default Title","1lb-fontina","8.99","","deny","manual","567","lb","true","https://ehlenbachscheese.com/prodimages/Fontina%201%20resized.jpg","1","1 lb. Fontina","Italian Cheeses"
"smoked-gouda-curds-10-oz","Smoked Gouda Curds - 10 oz.","<p>Hickory Smoked Gouda Curds - A Wisconsin favorite, cheese curds are one of the mildest cheeses, and taste best when eaten at room temperature.</p>","Ehlenbachs Cheese Chalet","Cheese Curds","design-batch-2025-10-28, cheese-curds","true","active","Title","Default Title","hickory-smoked-gouda-curds","8.99","","deny","manual","454","lb","true","","","","Cheese Curds"
"specialty-cheese-spreads-blueberry-port-wine","Specialty Cheese Spreads - Blueberry Port Wine","<p>8 oz. Blueberry Port Wine flavored cheese spread. OUR VERY OWN CREATION! You have to taste it to believe it. A true triumph!</p>","Ehlenbachs Cheese Chalet","Cheese Spreads","design-batch-2025-10-28, cheese-spreads","true","active","Title","Default Title","cheese-spreads-blueberry-port-wine","6.99","","deny","manual","227","lb","true","https://ehlenbachscheese.com/prodimages/Blueberry%20Port%20Wine%20Spread%201%20resized.jpg","1","Specialty Cheese Spreads - Blueberry Port Wine","Cheese Spreads"
"fear-the-reaper-cheddar-1lb","Fear the Reaper Cheddar 1lb","<p>One of our hottest cheeses, our Fear the Reaper is a mild cheddar with Carolina Reaper peppers added. WARNING!! Not for the faint of heart! 1 lb.</p>","Ehlenbachs Cheese Chalet","HOT, HOT, HOT!","design-batch-2025-10-28, hot-hot-hot","true","active","Title","Default Title","FeartheReapercheddar-1","14.99","","deny","manual","567","lb","true","https://ehlenbachscheese.com/prodimages/Fear%20The%20Reaper%201%20resized.jpg","1","Fear the Reaper Cheddar 1lb","HOT, HOT, HOT!"
"4-sissy-s-best","4. Sissys Best","<p>8 oz. 7 Year Sharp Cheddar8 oz. Garlic and Dill Gouda8 oz. Colby Jack4 oz. Mild Cheddar Cow Shape (Wax Dipped)8 oz. All Beef Sausage*Pictured in our small gift box.</p>","Ehlenbachs Cheese Chalet","Gift Baskets and Boxes","design-batch-2025-10-28, gift-baskets-and-boxes","true","active","Title","Default Title","4sissysbestbox","49.99","","deny","manual","2699","lb","true","","","","Gift Baskets and Boxes"
"garden-vegetable-jack","Garden Vegetable Jack","<p>Monterey Jack cheese with garden vegetables added. 1 lb.</p>","Ehlenbachs Cheese Chalet","Colby, Jacks, & Goudas","design-batch-2025-10-28, colby-jacks-goudas","true","active","Title","Default Title","garden-vegetable-jack","9.99","","deny","manual","567","lb","true","https://ehlenbachscheese.com/prodimages/Garden%20Vegetable%20Jack%201%20resized.jpg","1","Garden Vegetable Jack","Colby, Jacks, & Goudas"
"applewood-smoked-buttery-swiss","Applewood Smoked Buttery Swiss","<p>Our popular Buttery Swiss smoked on-site.</p>","Ehlenbachs Cheese Chalet","Swiss","design-batch-2025-10-28, swiss","true","active","Title","Default Title","applewood-smoked-buttery-swiss","14.99","","deny","manual","567","lb","true","https://ehlenbachscheese.com/prodimages/Smoked%20Buttery%20Swiss%201%20resized.jpg","1","Applewood Smoked Buttery Swiss","Swiss"
"morel-mushroom-and-leek-cheddar","Morel Mushroom and Leek Cheddar","<p>Cheddar Cheese with Morel Mushrooms, Minced Leek and other mushrooms.  Weight: 1lb</p>","Ehlenbachs Cheese Chalet","Cheddars","design-batch-2025-10-28, cheddars","true","active","Title","Default Title","morelmushroomleekcheddar1lb.","12.99","","deny","manual","567","lb","true","https://ehlenbachscheese.com/prodimages/Morel%20Mushroom%20Leek%20Ched%201%20resized.jpg","1","Morel Mushroom and Leek Cheddar","Cheddars"
"1-lb-hickory-smoked-gouda","1 lb. Hickory Smoked Gouda","<p>Hickory Smoked Gouda. 1 lb.</p>","Ehlenbachs Cheese Chalet","Colby, Jacks, & Goudas","design-batch-2025-10-28, colby-jacks-goudas","true","active","Title","Default Title","smokedgouda1lb","10.99","","deny","manual","454","lb","true","https://ehlenbachscheese.com/prodimages/Smoked%20Gouda%201%20resized.jpg","1","1 lb. Hickory Smoked Gouda","Colby, Jacks, & Goudas"
"smoked-muenster-1-lb","Smoked Muenster, 1 lb.","<p>A Wisconsin Favorite! Creamy Muenster Cheese run through our Smokehouse. 1 lb.</p>","Ehlenbachs Cheese Chalet","Smoked Cheeses","design-batch-2025-10-28, smoked-cheeses","true","active","Title","Default Title","smoked-muenster-1","10.99","","deny","manual","454","lb","true","https://ehlenbachscheese.com/prodimages/Smoked-Muenster.jpg","1","Smoked Muenster, 1 lb.","Smoked Cheeses"
"cheddar-cheese-curds-10-oz-garlic-dill","Cheddar Cheese Curds - 10 oz. Garlic Dill","<p>Garlic and Dill flavored Cheddar Cheese Curds - A Wisconsin favorite, cheese curds are one of the mildest cheeses, and taste best when eaten at room temperature.</p>","Ehlenbachs Cheese Chalet","Cheese Curds","design-batch-2025-10-28, cheese-curds","true","active","Title","Default Title","cheddar-cheese-curds-garlic-dill","7.99","","deny","manual","567","lb","true","https://ehlenbachscheese.com/prodimages/Garlic%20Dill%20Ched%20Curds%201%20resized.jpg","1","Cheddar Cheese Curds - 10 oz. Garlic Dill","Cheese Curds"
"cheddar-cheese-curds-10-oz-yellow","Cheddar Cheese Curds - 10 oz. Yellow","<p>Yellow Cheese Curds - A Wisconsin favorite, cheese curds are one of the mildest cheeses, and taste best when eaten at room temperature.</p>","Ehlenbachs Cheese Chalet","Cheese Curds","design-batch-2025-10-28, cheese-curds","true","active","Title","Default Title","cheddar-cheese-curds-yellow","7.99","","deny","manual","454","lb","true","https://ehlenbachscheese.com/prodimages/file1.jpeg","1","Cheddar Cheese Curds - 10 oz. Yellow","Cheese Curds"
"buttery-swiss-cheese-plush","Buttery Swiss Cheese Plush","<p>Exclusively made for Ehlenbach&#x27;s Cheese Chalet, this gift is based on one of our favorite cheeses, Buttery Swiss! (Tax is included in the purchase price.)</p>","Ehlenbach's Cheese Chalet","Souvenirs","design-batch-2025-10-28, souvenirs, category-inferred","true","active","Title","Default Title","butteryswissstuffedcheesegift","21.09","","deny","manual","113","lb","true","https://ehlenbachscheese.com/prodimages/IMG_5812.JPG","1","Buttery Swiss Cheese Plush","Souvenirs"
"9-1-2oz-jams-and-jellies-strawberry-jam","9-1/2oz. Jams and Jellies - Strawberry Jam","<p>Locally made Strawberry Jam that is sure to please. One of our 16 flavors! Go ahead and spread it on a little thick. Jams: (Jams are made from quality fruit - whole or sliced)</p>","Ehlenbach's Cheese Chalet","Gourmet","design-batch-2025-10-28, gourmet, category-inferred","true","active","Title","Default Title","912ozjamsandjelliesstrawberryjam","7.99","","deny","manual","272","lb","true","https://ehlenbachscheese.com/prodimages/6114_New_Catalog_2010_001.jpg","1","9-1/2oz. Jams and Jellies - Strawberry Jam","Gourmet"
"9-1-2oz-jams-and-jellies-blackberry-jam","9-1/2oz. Jams and Jellies - Blackberry Jam","<p>Locally made Blackberry Jam that is sure to please. One of our 16 flavors! Go ahead and spread it on a little thick. Jams: (Jams are made from quality fruit - whole or sliced)</p>","Ehlenbach's Cheese Chalet","Gourmet","design-batch-2025-10-28, gourmet, category-inferred","true","active","Title","Default Title","912ozjamsandjelliesblackberryjam","7.99","","deny","manual","272","lb","true","https://ehlenbachscheese.com/prodimages/Blackberry%20Jam.JPG","1","9-1/2oz. Jams and Jellies - Blackberry Jam","Gourmet"
"garlic-cheese","Garlic Cheese","<p>A smooth, creamy, white processed cheese with garlic added. Mild base; similar to American Cheese!<br><br>   Weight: 1lb</p>","Ehlenbach's Cheese Chalet","","design-batch-2025-10-28, needs-category-review","true","active","Title","Default Title","garliccheese","8.99","","deny","manual","454","lb","true","https://ehlenbachscheese.com/prodimages/Garlic%20Cheese.JPG","1","Garlic Cheese",""
"ehlenbachs-fruit-butters-9-5-oz-cinnamon-candy-apple","Ehlenbach’s Fruit Butters, 9.5 oz. - Cinnamon Candy Apple","<p>Our Cinnamon Candy Apple fruit butters are made especially for our store with real fruit for a home-made taste, and are sure to please.</p>","Ehlenbach's Cheese Chalet","Gourmet","design-batch-2025-10-28, gourmet, category-inferred","true","active","Title","Default Title","ehlenbachsfruitbutters95ozcinnamoncandyapple","7.99","","deny","manual","454","lb","true","https://ehlenbachscheese.com/prodimages/Cinnamon%20Candy%20Apple%20Butter.JPG","1","Ehlenbach’s Fruit Butters, 9.5 oz. - Cinnamon Candy Apple","Gourmet"
"bacon-cheese","Bacon Cheese","<p>A smooth, creamy, yellow processed cheese with pieces of smoky bacon throughout. Mild; similar to American Cheese!<br><br>   Weight: 1lb</p>","Ehlenbach's Cheese Chalet","","design-batch-2025-10-28, needs-category-review","true","active","Title","Default Title","baconcheese","8.99","","deny","manual","454","lb","true","https://ehlenbachscheese.com/prodimages/Bacon%20Cheese.JPG","1","Bacon Cheese",""
"ehlenbach-s-cheese-chalet-3d-magnet","Ehlenbach's Cheese Chalet 3D Magnet","<p>Sissy the Cow stands out from the background of this 3D magnet.</p>","Ehlenbach's Cheese Chalet","Souvenirs","design-batch-2025-10-28, souvenirs, category-inferred","true","active","Title","Default Title","ehlenbachscheesechalet3dmagnet","7.31","","deny","manual","454","lb","true","https://ehlenbachscheese.com/prodimages/ehlenbachs-cheese-chalet-3d-magnet.jpg","1","Ehlenbach's Cheese Chalet 3D Magnet","Souvenirs"
"1lb-buffalo-sausage","1lb. Buffalo Sausage","<p>Made locally here in Wisconsin! This great tasting sausage is a sure winner. 1 lb. Buffalo Sausage made with buffalo, beef and pork.</p>","buffalo","Sausage & Salami","design-batch-2025-10-28, sausage-salami, category-inferred","true","active","Title","Default Title","1lbbuffalosausage","21.99","","deny","manual","454","lb","true","https://ehlenbachscheese.com/prodimages/Buffalo%20Sausage%20MEd.jpg","1","1lb. Buffalo Sausage","Sausage & Salami"
"1-lb-two-year-old-sharp-cheddar-wax","1 lb. Two Year Old Sharp Cheddar Wax","<p>1 lb. Two Year Old Sharp Cheddar Cheese dipped in red wax.</p>","Ehlenbach's Cheese Chalet","Cheddar Cheese Wax","design-batch-2025-10-28, cheddar-cheese-wax, category-inferred","true","active","Title","Default Title","1lbtwoyearoldsharpcheddarwax","16.99","","deny","manual","454","lb","true","https://ehlenbachscheese.com/prodimages/IMG_1059.jpeg","1","1 lb. Two Year Old Sharp Cheddar Wax","Cheddar Cheese Wax"
"ehlenbach-s-cheese-chalet-rubber-magnet","Ehlenbach's Cheese Chalet Rubber Magnet","<p>A easy way to remember your Ehlenbach experience!</p>","Ehlenbach's Cheese Chalet","Souvenirs","design-batch-2025-10-28, souvenirs, category-inferred","true","active","Title","Default Title","ehlenbachschaletrubbermagnet","6.25","","deny","manual","454","lb","true","https://ehlenbachscheese.com/prodimages/ehlenbachs-chalet-rubber-magnet.jpg","1","Ehlenbach's Cheese Chalet Rubber Magnet","Souvenirs"
"ehlenbachs-fruit-butters-9-5-oz-no-sugar-apple","Ehlenbach’s Fruit Butters, 9.5 oz. - No Sugar Apple","<p>Our Sugar FREE Apple fruit butters are made especially for our store with real fruit for a home-made taste, and are sure to please.</p>","Ehlenbach's Cheese Chalet","Gourmet","design-batch-2025-10-28, gourmet, category-inferred","true","active","Title","Default Title","ehlenbachsfruitbutters95oznosugarapple","7.99","","deny","manual","454","lb","true","https://ehlenbachscheese.com/prodimages/No%20Sugar%20Added%20Apple%20Butter.JPG","1","Ehlenbach’s Fruit Butters, 9.5 oz. - No Sugar Apple","Gourmet"
"habanero-jack","Habanero Jack","<p>Monterey Jack cheese with habanero peppers added.</p>","Ehlenbach's Cheese Chalet","Colby, Jacks, & Goudas","design-batch-2025-10-28, colby-jacks-goudas, category-inferred","true","active","Title","Default Title","habanerojack","10.99","","deny","manual","454","lb","true","","","","Colby, Jacks, & Goudas"
"wisconsin-blue-cheese-plush","Wisconsin Blue Cheese Plush","<p>Exclusively made for Ehlenbach&#x27;s Cheese Chalet, this gift is based on one of our classic cheeses, Wisconsin Blue! (Tax is included in the purchase price.)</p>","Ehlenbach's Cheese Chalet","Souvenirs","design-batch-2025-10-28, souvenirs, category-inferred","true","active","Title","Default Title","wisconsinbluestuffedcheesegift","21.09","","deny","manual","454","lb","true","https://ehlenbachscheese.com/prodimages/IMG_5803.JPG","1","Wisconsin Blue Cheese Plush","Souvenirs"
"9-1-2oz-jams-and-jellies-jalapeno-pepper-jelly","9-1/2oz. Jams and Jellies - Jalapeno Pepper Jelly","<p>Locally made Jalapeno Pepper Jelly that is sure to please. One of our 16 flavors! Go ahead and spread it on a little thick. Jelly: (Jelly is made from fruit JUICE, with no fruit pieces in it.)</p>","Ehlenbach's Cheese Chalet","Gourmet","design-batch-2025-10-28, gourmet, category-inferred","true","active","Title","Default Title","912ozjamsandjelliesjalapenojelly","7.99","","deny","manual","454","lb","true","https://ehlenbachscheese.com/prodimages/6114_New_Catalog_2010_001.jpg","1","9-1/2oz. Jams and Jellies - Jalapeno Pepper Jelly","Gourmet"
"elk-sticks","Elk Sticks","<p>7oz. Elk Sticks Farm raised elk that is used to make these incredible snack sticks.(with pork and beef)</p>","Ehlenbach's Cheese Chalet","Snack Sticks & Beef Jerky","design-batch-2025-10-28, snack-sticks-beef-jerky, category-inferred","true","active","Title","Default Title","elksticks","12.99","","deny","manual","454","lb","true","https://ehlenbachscheese.com/prodimages/Elk-Sticks.jpg","1","Elk Sticks","Snack Sticks & Beef Jerky"
"9-1-2oz-jams-and-jellies-strawberry-and-rhubarb-jelly","9-1/2oz. Jams and Jellies - Strawberry and Rhubarb Jelly","<p>Locally made Strawberry &amp; Rhubarb Jelly that is sure to please. One of our 16 flavors! Go ahead and spread it on a little thick. Jams: (Jams are made from quality fruit - whole or sliced)</p>","Sold By Ehlenbach's Cheese Chalet","Gourmet","design-batch-2025-10-28, gourmet, category-inferred","true","active","Title","Default Title","912ozjamsandjelliestrawberryrhubarbjelly","7.99","","deny","manual","454","lb","true","https://ehlenbachscheese.com/prodimages/Strawberry%20Rhubarb%20Jelly.JPG","1","9-1/2oz. Jams and Jellies - Strawberry and Rhubarb Jelly","Gourmet"
"smoked-gouda-cheese-plush","Smoked Gouda Cheese Plush","<p>Exclusively made for Ehlenbach&#x27;s Cheese Chalet, this gift is based on our most popular in-house smoked cheese, Smoked Gouda! (Tax is included in the purchase price.)</p>","Ehlenbach's Cheese Chalet","Souvenirs","design-batch-2025-10-28, souvenirs, category-inferred","true","active","Title","Default Title","smokedgoudastuffedcheesegift","21.09","","deny","manual","454","lb","true","https://ehlenbachscheese.com/prodimages/IMG_5813.JPG","1","Smoked Gouda Cheese Plush","Souvenirs"
"9-1-2oz-jams-and-jellies","9-1/2oz. Jams and Jellies","<p>Locally made jams and jellies that are sure to please. Try one or more of our 16 flavors! Go ahead and spread it on a little thick. Jams: (Jams are made from quality fruit - whole or sliced) Blackberry Jam Black Raspberry Jam Boysenberry Jam Blueberry Jam Red Cherry Jam Cranberry Jam Red Raspberry Jam Strawberry Jam Strawberry &amp; Rhubarb Jam Jelly: (Jelly is made from fruit JUICE, with no fruit pieces in it.) Choke Cherry Jelly Blackberry Jelly Cranberry Jelly Jalapeno Pepper Jelly Raspberry &amp; Jalapeno Jelly Elderberry Jelly Strawberry &amp; Rhubarb Jelly</p>","Ehlenbach's Cheese Chalet","Gourmet","design-batch-2025-10-28, gourmet, category-inferred","true","active","Title","Default Title","912ozjamsandjellies","7.99","","deny","manual","454","lb","true","https://ehlenbachscheese.com/prodimages/6114_New_Catalog_2010_001.jpg","1","9-1/2oz. Jams and Jellies","Gourmet"
"sissy-the-cow-wooden-ornament","Sissy the Cow Wooden Ornament","<p>Sissy the Cow is featured on this laser engraved wooden ornament. Ehlenbach’s Cheese Chalet, DeForest, Wisconsin is engraved at the bottom. This item is proudly made in the USA.</p>","Ehlenbach's Cheese Chalet","Souvenirs","design-batch-2025-10-28, souvenirs, category-inferred","true","active","Title","Default Title","sissythecowwoodenornament","9.42","","deny","manual","454","lb","true","https://ehlenbachscheese.com/prodimages/sissy-the-cow-wooden-ornament.jpg","1","Sissy the Cow Wooden Ornament","Souvenirs"
"turkey-sausage","Turkey Sausage","<p>Sausage made with turkey meat.</p>","Ehlenbach's Cheese Chalet","Sausage & Salami","design-batch-2025-10-28, sausage-salami, category-inferred","true","active","Title","Default Title","turkeysausage","15.99","","deny","manual","454","lb","true","https://ehlenbachscheese.com/prodimages/Turkey%20Sausage.JPG","1","Turkey Sausage","Sausage & Salami"
"maple-syrup-jug","Maple Syrup Jug","<p>100% Pure Wisconsin &quot;Grade A&quot; Maple Syrup in plastic jug.</p>","Ehlenbach's Cheese Chalet","Gourmet","design-batch-2025-10-28, gourmet, category-inferred","true","active","Title","Default Title","maplesyrupjug","12.99","","deny","manual","454","lb","true","https://ehlenbachscheese.com/prodimages/4017_cheese_house_006.jpg","1","Maple Syrup Jug","Gourmet"
"1-lb-football-sausage","1 lb. Football Sausage","<p>Lean pork and beef, spiced just right. Hardwood smoked for that tangy flavor everyone loves. 1 lb. Sausage shaped like a football.</p>","Ehlenbach's Cheese Chalet","Sausage & Salami","design-batch-2025-10-28, sausage-salami, category-inferred","true","active","Title","Default Title","1lbfootballsausage","16.99","","deny","manual","454","lb","true","https://ehlenbachscheese.com/prodimages/Football%20Sausage.JPG","1","1 lb. Football Sausage","Sausage & Salami"
"9-1-2oz-jams-and-jellies-red-raspberry-jam","9-1/2oz. Jams and Jellies - Red Raspberry Jam","<p>Locally made Red Raspberry Jam that is sure to please. One of our 16 flavors! Go ahead and spread it on a little thick. Jams: (Jams are made from quality fruit - whole or sliced)</p>","Ehlenbach's Cheese Chalet","Gourmet","design-batch-2025-10-28, gourmet, category-inferred","true","active","Title","Default Title","912ozjamsandjelliesredraspberryjam","7.99","","deny","manual","454","lb","true","https://ehlenbachscheese.com/prodimages/6114_New_Catalog_2010_001.jpg","1","9-1/2oz. Jams and Jellies - Red Raspberry Jam","Gourmet"
"wisconsin-natural-acres-honey","Wisconsin Natural Acres Honey","<p>Wisconsin Natural Acres Honey is 100% Artisan All Natural pure.<br>   We never blend our honey with foreign or out of state honey. We never heat or filter our Honey.<br>   Heat and filtering can destroy honey’s antioxidants and active enzymes.<br><br>   Available in Spreadable Raw Honey or Jar Natural Honey.</p>","Ehlenbach's Cheese Chalet","Gourmet","design-batch-2025-10-28, gourmet, category-inferred","true","active","Title","Default Title","wisconsinnaturalacreshoney","6.99","","deny","manual","454","lb","true","https://ehlenbachscheese.com/prodimages/5500_New_Catalog_2010_002.jpg","1","Wisconsin Natural Acres Honey","Gourmet"
"onion-cheese","Onion Cheese","<p>A smooth, creamy, white processed cheese with onions added. Mild base; similar to American Cheese!Weight: 1lb</p>","Ehlenbach's Cheese Chalet","","design-batch-2025-10-28, needs-category-review","true","active","Title","Default Title","onioncheese","8.99","","deny","manual","454","lb","true","https://ehlenbachscheese.com/prodimages/Onion%20Cheese.JPG","1","Onion Cheese",""
"1lb-elk-sausage","1lb. Elk Sausage","<p>Made locally here in Wisconsin! This great tasting sausage is a sure winner. Made from real elk, with some pork and beef added for extra flavor.</p>","Ehlenbach's Cheese Chalet","Sausage & Salami","design-batch-2025-10-28, sausage-salami, category-inferred","true","active","Title","Default Title","1lbelksausage","21.99","","deny","manual","454","lb","true","https://ehlenbachscheese.com/prodimages/elk_sausage_medium.jpg","1","1lb. Elk Sausage","Sausage & Salami"
"1-lb-farmers-cheese","1 lb. Farmers Cheese","<p>Low Fat Farmers Cheese. 1 lb.</p>","Ehlenbach's Cheese Chalet","","design-batch-2025-10-28, needs-category-review","true","active","Title","Default Title","farmers","9.99","","deny","manual","454","lb","true","https://ehlenbachscheese.com/prodimages/farmers.jpg","1","1 lb. Farmers Cheese",""
"wisconsin-blue-cheese-1-lb","Wisconsin Blue Cheese, 1 lb.","<p>Semisoft; blue-green mold marbled throughout, white interior. Crumbly; sharp, piquant flavor. Aged 60+ days. 1 lb.</p>","Ehlenbach's Cheese Chalet","Blue Cheese","design-batch-2025-10-28, blue-cheese, category-inferred","true","active","Title","Default Title","wisconsinbluecheese1","10.99","","deny","manual","454","lb","true","","","","Blue Cheese"
"venison-sticks","Venison Sticks","<p>7oz. Venison Sticks Farm raised venison put into snack sticks (with pork and beef)</p>","Ehlenbach's Cheese Chalet","Snack Sticks & Beef Jerky","design-batch-2025-10-28, snack-sticks-beef-jerky, category-inferred","true","active","Title","Default Title","venisonsticks","12.99","","deny","manual","454","lb","true","https://ehlenbachscheese.com/prodimages/Venison-Sticks.jpg","1","Venison Sticks","Snack Sticks & Beef Jerky"
"16-oz-salty-plain-string-cheese","16 oz. Salty Plain String Cheese","<p>16 oz. of Ehlenbach&#x27;s popular plain string cheese, flavored with extra salt. Goes GREAT with your favorite beverage!</p>","Ehlenbach's Cheese Chalet","String Cheese","design-batch-2025-10-28, string-cheese, category-inferred","true","active","Title","Default Title","16ozstringcheesesaltyplain","11.99","","deny","manual","454","lb","true","https://ehlenbachscheese.com/prodimages/Salty%20Plain%20String%20Cheese.JPG","1","16 oz. Salty Plain String Cheese","String Cheese"
"ehlenbach-beef-sausage-garlic-1-lb","Ehlenbach Beef Sausage, Garlic, 1 lb.","<p>This garlic sausage is made especially for our store. This WORLD CHAMPION sausage is a must try. Contains no MSG---Great flavor. Truly our most popular summer sausage.</p>","Ehlenbach's Cheese Chalet","Sausage & Salami","design-batch-2025-10-28, sausage-salami, category-inferred","true","active","Title","Default Title","ehlenbachbeefsausagegarlic1","14.99","","deny","manual","454","lb","true","https://ehlenbachscheese.com/prodimages/Garlic%20Summer%20Sausage%201%20lb..JPG","1","Ehlenbach Beef Sausage, Garlic, 1 lb.","Sausage & Salami"
"1-lb-five-year-old-sharp-cheddar-wax","1 lb. Five Year Old Sharp Cheddar Wax","<p>1 lb. Five Year Old Sharp Cheddar Cheese dipped in black wax.</p>","Ehlenbach's Cheese Chalet","Cheddar Cheese Wax","design-batch-2025-10-28, cheddar-cheese-wax, category-inferred","true","active","Title","Default Title","1lbfiveyearoldsharpcheddarwax","24.99","","deny","manual","454","lb","true","https://ehlenbachscheese.com/prodimages/IMG_1058.jpeg","1","1 lb. Five Year Old Sharp Cheddar Wax","Cheddar Cheese Wax"
"8-oz-beef-jerky-teriyaki","8 oz. Beef Jerky - Teriyaki","<p>Our Teriyaki Beef Jerky is made the way it is supposed to be. Made from black angus beef. This jerky is sure to please.</p>","Ehlenbach's Cheese Chalet","Snack Sticks & Beef Jerky","design-batch-2025-10-28, snack-sticks-beef-jerky, category-inferred","true","active","Title","Default Title","8ozbeefjerkyteriyaki","18.99","","deny","manual","454","lb","true","https://ehlenbachscheese.com/prodimages/5693_Nov._30_Internet_pics_001.jpg","1","8 oz. Beef Jerky - Teriyaki","Snack Sticks & Beef Jerky"
"9-1-2oz-jams-and-jellies-raspberry-and-jalapeno-jelly","9-1/2oz. Jams and Jellies - Raspberry and Jalapeno Jelly","<p>Locally made Raspberry &amp; Jalapeno Jelly that is sure to please. One of our 16 flavors! Go ahead and spread it on a little thick. Jelly: (Jelly is made from fruit JUICE, with no fruit pieces in it.)</p>","Ehlenbach's Cheese Chalet","Gourmet","design-batch-2025-10-28, gourmet, category-inferred","true","active","Title","Default Title","912ozjamsandjelliesraspberryjalapenojelly","7.99","","deny","manual","454","lb","true","https://ehlenbachscheese.com/prodimages/6114_New_Catalog_2010_001.jpg","1","9-1/2oz. Jams and Jellies - Raspberry and Jalapeno Jelly","Gourmet"
"wisconsin-havarti","Wisconsin Havarti","<p>White, creamy Havarti cheese with tiny holes. Rich, buttery flavor.</p>","Ehlenbach's Cheese Chalet","Bricks and Havarti","design-batch-2025-10-28, bricks-and-havarti, category-inferred","true","active","Title","Default Title","wisconsinhavarti","11.99","","deny","manual","454","lb","true","https://ehlenbachscheese.com/prodimages/wisconsin-havarti.jpg","1","Wisconsin Havarti","Bricks and Havarti"
"mango-fire-cheddar","Mango Fire Cheddar","<p>A mild cheddar cheese with mango puree and habanero peppers.(Gluten Free)</p>","mango","Cheddars","design-batch-2025-10-28, cheddars, category-inferred","true","active","Title","Default Title","mangofirecheddar","12.99","","deny","manual","454","lb","true","https://ehlenbachscheese.com/prodimages/mango-fire-cheddar.jpg","1","Mango Fire Cheddar","Cheddars"
"9-1-2oz-jams-and-jellies-blackberry-jelly","9-1/2oz. Jams and Jellies - Blackberry Jelly","<p>Locally made Blackberry Jelly that is sure to please. One of our 16 flavors! Go ahead and spread it on a little thick. Jelly: (Jelly is made from fruit JUICE, with no fruit pieces in it.)</p>","Ehlenbach's Cheese Chalet","Gourmet","design-batch-2025-10-28, gourmet, category-inferred","true","active","Title","Default Title","912ozjamsandjelliesblackberryjelly","7.99","","deny","manual","454","lb","true","https://ehlenbachscheese.com/prodimages/Blackberry%20Jelly.JPG","1","9-1/2oz. Jams and Jellies - Blackberry Jelly","Gourmet"
"buffalo-sticks","Buffalo Sticks","<p>7oz. Buffalo Sticks Made with buffalo and pork from right here in Wisconsin! These brand new snack sticks are very popular here in our store. With great smoked flavor, these snack sticks are a new way to enjoy a little treat.</p>","buffalo","Snack Sticks & Beef Jerky","design-batch-2025-10-28, snack-sticks-beef-jerky, category-inferred","true","active","Title","Default Title","buffalosticks","14.99","","deny","manual","454","lb","true","https://ehlenbachscheese.com/prodimages/Buffalo-Sticks.jpg","1","Buffalo Sticks","Snack Sticks & Beef Jerky"
"9-1-2oz-jams-and-jellies-red-cherry-jam","9-1/2oz. Jams and Jellies - Red Cherry Jam","<p>Locally made Red Cherry Jam that is sure to please. One of our 16 flavors! Go ahead and spread it on a little thick. Jams: (Jams are made from quality fruit - whole or sliced)</p>","Ehlenbach's Cheese Chalet","Gourmet","design-batch-2025-10-28, gourmet, category-inferred","true","active","Title","Default Title","912ozjamsandjelliesredcherryjam","7.99","","deny","manual","454","lb","true","https://ehlenbachscheese.com/prodimages/Red%20Cherry%20Jam.JPG","1","9-1/2oz. Jams and Jellies - Red Cherry Jam","Gourmet"
"10-oz-ehlenbach-s-hard-salami-plain","10 oz Ehlenbach's Hard Salami Plain","<p>The same recipe as our Ehlenbach summer sausage except hard salami has been hung to dry at room temperature for 2-3 weeks. Hard salami is drier and harder than regular sausage. Choose from Garlic or Plain Salami.</p>","Ehlenbach's Cheese Chalet","Sausage & Salami","design-batch-2025-10-28, sausage-salami, category-inferred","true","active","Title","Default Title","10oz.ehlenbachhardsalamiplain","16.99","","deny","manual","454","lb","true","https://ehlenbachscheese.com/prodimages/Plain%20Hard%20Salami.JPG","1","10 oz Ehlenbach's Hard Salami Plain","Sausage & Salami"
"hot-pepper-cheese","Hot Pepper Cheese","<p>A smooth, creamy, white processed cheese with jalapeno peppers added. Similar to Pepper Jack level spice. Mild base; similar to American Cheese!<br><br>   Weight: 1lb</p>","Ehlenbach's Cheese Chalet","","design-batch-2025-10-28, needs-category-review","true","active","Title","Default Title","hotpeppercheese","8.99","","deny","manual","454","lb","true","https://ehlenbachscheese.com/prodimages/Hot%20Pepper%20Cheese.JPG","1","Hot Pepper Cheese",""
"cherry-honey-mustard","Cherry Honey Mustard","<p>10oz. Cherry Honey Mustard This is our most popular mustard. This mustard goes wonderful with all cheese and sausage trays as well as just dipping pretzels into it. A sweet honey mustard with cherries added!</p>","Ehlenbach's Cheese Chalet","Gourmet","design-batch-2025-10-28, gourmet, category-inferred","true","active","Title","Default Title","cherryhoneymustard","8.99","","deny","manual","454","lb","true","https://ehlenbachscheese.com/prodimages/Cherry%20Honey%20Mustard%20.jpg","1","Cherry Honey Mustard","Gourmet"
"12-oz-smoked-dried-beef","12 oz. Smoked Dried Beef","<p>12oz. Smoked Dried Beef Nueske&#x27;s smoked dried beef. A great beef product with an excellent smoked taste.</p>","Ehlenbach's Cheese Chalet","","design-batch-2025-10-28, needs-category-review","true","active","Title","Default Title","12ozsmokeddriedbeef","19.99","","deny","manual","454","lb","true","https://ehlenbachscheese.com/prodimages/Canadian-Bacon.jpg","1","12 oz. Smoked Dried Beef",""
"american-cheese","American Cheese","<p>Classic American Cheese; a smooth, creamy, mild, yellow processed cheese.Weight: 1lb</p>","Ehlenbach's Cheese Chalet","","design-batch-2025-10-28, needs-category-review","true","active","Title","Default Title","americancheese","8.99","","deny","manual","454","lb","true","https://ehlenbachscheese.com/prodimages/American%20Cheese.JPG","1","American Cheese",""
"canned-sissy-the-cow","Canned Sissy the Cow","<p>Take Sissy the Cow home with you in this fun tin can that has the history of this famous cow printed on the back. Each can comes with a stuffed Sissy the Cow doll and a cover.</p>","Ehlenbach's Cheese Chalet","Souvenirs","design-batch-2025-10-28, souvenirs, category-inferred","true","active","Title","Default Title","cannedsissythecow","6.31","","deny","manual","454","lb","true","https://ehlenbachscheese.com/prodimages/canned-sissy-the-cow.jpg","1","Canned Sissy the Cow","Souvenirs"
"pico-de-queso-cheddar","Pico de Queso Cheddar","<p>Pico de Queso Cheddar is a white cheddar with Serrano peppers, cilantro, tomato and onion giving it a southwestern flair. Great for tacos, quesadillas and salsa. (Gluten Free)Weight: 1 lb.</p>","Ehlenbach's Cheese Chalet","Cheddars","design-batch-2025-10-28, cheddars, category-inferred","true","active","Title","Default Title","picodequesocheddar","10.99","","deny","manual","454","lb","true","https://ehlenbachscheese.com/prodimages/PIco%20de%20Queso.png","1","Pico de Queso Cheddar","Cheddars"
"salami-cheese","Salami Cheese","<p>A smooth, creamy, yellow processed cheese with pieces of salami throughout. Mild base; similar to American Cheese!Weight: 1lb</p>","Ehlenbach's Cheese Chalet","Sausage & Salami","design-batch-2025-10-28, sausage-salami, category-inferred","true","active","Title","Default Title","salamicheese","8.99","","deny","manual","454","lb","true","https://ehlenbachscheese.com/prodimages/Salami%20Cheese.JPG","1","Salami Cheese","Sausage & Salami"
"beef-cheddar-and-jalapeno-sticks","Beef, Cheddar and Jalapeno Sticks","<p>8oz. Beef, Cheddar-n-Jalapeno SticksAn 8 pack of the all beef stick that has it all. Jalapeno and cheddar make for a wonderful blast for the taste buds. A must try item.</p>","Ehlenbach's Cheese Chalet","Snack Sticks & Beef Jerky","design-batch-2025-10-28, snack-sticks-beef-jerky, category-inferred","true","active","Title","Default Title","beefcheddarjalapenosticks","11.99","","deny","manual","454","lb","true","https://ehlenbachscheese.com/prodimages/Beef-Cheddar-Jalapeno-Sticks.jpg","1","Beef, Cheddar and Jalapeno Sticks","Snack Sticks & Beef Jerky"
"9-1-2oz-jams-and-jellies-strawberry-and-rhubarb-jam","9-1/2oz. Jams and Jellies - Strawberry and Rhubarb Jam","<p>Locally made Strawberry &amp; Rhubarb Jam that is sure to please. One of our 16 flavors! Go ahead and spread it on a little thick. Jams: (Jams are made from quality fruit - whole or sliced)</p>","Ehlenbach's Cheese Chalet","Gourmet","design-batch-2025-10-28, gourmet, category-inferred","true","active","Title","Default Title","912ozjamsandjelliesstrawberryrhubarbjam","7.99","","deny","manual","454","lb","true","https://ehlenbachscheese.com/prodimages/Strawberry%20Rhubarb%20Jam.JPG","1","9-1/2oz. Jams and Jellies - Strawberry and Rhubarb Jam","Gourmet"
"beef-and-cheddar-sticks","Beef and Cheddar Sticks","<p>8oz. Beef &amp; Cheddar Sticks A 8 pack of all beef sticks that has processed cheddar cheese inside. A true hit for all of those beef &amp; cheese lovers.</p>","Ehlenbach's Cheese Chalet","Snack Sticks & Beef Jerky","design-batch-2025-10-28, snack-sticks-beef-jerky, category-inferred","true","active","Title","Default Title","beefcheddarsticks","11.99","","deny","manual","454","lb","true","https://ehlenbachscheese.com/prodimages/Beef-Cheddar-Sticks.jpg","1","Beef and Cheddar Sticks","Snack Sticks & Beef Jerky"
"portabella-mushroom-and-chive-1lb","Portabella Mushroom and Chive 1lb","<p>Another store favorite, our Portabella Mushroom &amp; Chive is a white Havarti style cheese with Portabella Mushrooms Galore! Throw in some chive - YUM! 1 lb.</p>","Ehlenbach's Cheese Chalet","","design-batch-2025-10-28, needs-category-review","true","active","Title","Default Title","portabellomushroomchive1","12.99","","deny","manual","454","lb","true","https://ehlenbachscheese.com/prodimages/portabello-mushroom-chive-cheddar.jpg","1","Portabella Mushroom and Chive 1lb",""
"salsa-peach","Salsa - Peach","<p>You&#x27;ll want to try our Peach Salsa salsa. Made with the freshest ingredients.</p>","Ehlenbach's Cheese Chalet","Gourmet","design-batch-2025-10-28, gourmet, category-inferred","true","active","Title","Default Title","salsapeach","8.99","","deny","manual","454","lb","true","https://ehlenbachscheese.com/prodimages/5374_Web_site_pictures_9-08_042.jpg","1","Salsa - Peach","Gourmet"
"horseradish-cheese","Horseradish Cheese","<p>Processed, horseradish cheese.</p>","Ehlenbach's Cheese Chalet","","design-batch-2025-10-28, needs-category-review","true","active","Title","Default Title","horseradishcheese","8.99","","deny","manual","454","lb","true","https://ehlenbachscheese.com/prodimages/Horseradish%20cheese.jpg","1","Horseradish Cheese",""
"chicken-soup-cheese","Chicken Soup Cheese","<p>Monterey Jack Cheese with chicken flavored broth powder, onion, garlic, celery flakes, parsley and tumeric. Tastes just like chicken soup!</p>","Ehlenbach's Cheese Chalet","","design-batch-2025-10-28, needs-category-review","true","active","Title","Default Title","chickensoupcheese","11.99","","deny","manual","454","lb","true","https://ehlenbachscheese.com/prodimages/chicken-soup-cheese.jpg","1","Chicken Soup Cheese",""
"onion-brick","Onion Brick","<p>A smooth, semi-soft cheese with a mild onion flavor.Weight: 1lb</p>","Ehlenbach's Cheese Chalet","Bricks and Havarti","design-batch-2025-10-28, bricks-and-havarti, category-inferred","true","active","Title","Default Title","1lbonionbrick","8.99","","deny","manual","454","lb","true","https://ehlenbachscheese.com/prodimages/Onion%20Brick%201%20resized.jpg","1","Onion Brick","Bricks and Havarti"
"garlic-brick","Garlic Brick","<p>White, creamy, mild brick cheese infused with garlic.Weight: 1lb</p>","Ehlenbach's Cheese Chalet","Bricks and Havarti","design-batch-2025-10-28, bricks-and-havarti, category-inferred","true","active","Title","Default Title","1lbgarlicbrick","8.99","","deny","manual","454","lb","true","","","","Bricks and Havarti"
"1lb-venison-sausage","1lb. Venison Sausage","<p>Farm raised venison put into sausage with pork and beef.</p>","Ehlenbach's Cheese Chalet","Sausage & Salami","design-batch-2025-10-28, sausage-salami, category-inferred","true","active","Title","Default Title","1lbvenisonsausage","21.99","","deny","manual","454","lb","true","https://ehlenbachscheese.com/prodimages/Venison-Sausage-Med.jpg","1","1lb. Venison Sausage","Sausage & Salami"
"jalapeno-havarti","Jalapeno Havarti","<p>Our famous Wisconsin havarti with jalapeno peppers added. The same creamy havarti with the kick of jalapeno peppers. Has become more popular than pepper jack.</p>","Ehlenbach's Cheese Chalet","Bricks and Havarti","design-batch-2025-10-28, bricks-and-havarti, category-inferred","true","active","Title","Default Title","jalapenohavarti","11.99","","deny","manual","454","lb","true","https://ehlenbachscheese.com/prodimages/jalapeno-havarti.jpg","1","Jalapeno Havarti","Bricks and Havarti"
"gorgonzola-blue-cheese-1lb","Gorgonzola Blue Cheese, 1lb.","<p>Semisoft; blue-green mold marbled throughout, our Gorgonzola Blue Cheese is crumbly with a strong flavor. Aged 90+ days. 1lb.</p>","Ehlenbach's Cheese Chalet","Blue Cheese","design-batch-2025-10-28, blue-cheese, category-inferred","true","active","Title","Default Title","gorganzolabluecheese1","11.99","","deny","manual","454","lb","true","https://ehlenbachscheese.com/prodimages/3159_cheese_040.jpg","1","Gorgonzola Blue Cheese, 1lb.","Blue Cheese"
"bourbon-blue-cheese-12-oz","Bourbon Blue Cheese, 12 oz","<p>An Ehlenbach’s Exclusive, blue cheese infused with Kentucky Bulleit Bourbon. 12 oz.(Contains Alcohol)</p>","Ehlenbach's Cheese Chalet","Blue Cheese","design-batch-2025-10-28, blue-cheese, category-inferred","true","active","Title","Default Title","bourbonbluecheese12oz","14.99","","deny","manual","454","lb","true","https://ehlenbachscheese.com/prodimages/Garlicky-Blue-Cheese.jpg","1","Bourbon Blue Cheese, 12 oz","Blue Cheese"
"ehlenbach-s-gourmet-seasonings","Ehlenbach's Gourmet Seasonings","<p>Flavor up your life with our seasonings and rubs.<br><br>   Choose from:<br><br><br>     Better Burger 4 oz. Jar â€“ Use on hamburgers, minute steaks, cube steaks, potatoes, vegetables and even great on your morning eggs and egg dishes.<br><br>     Butter Garlic 4 oz. Jar â€“ Great on Poultry, pork, beef, seafood, wild game and all types of vegetables.<br><br>     Garlic &amp; Pepper 4 oz. Jar â€“ Great on Poultry, pork, veal, lamb, seafood and all types of vegetables.<br><br>     Pork Roast &amp; Chop 4 oz. Jar â€“ A great rub down for pork roasts, pork chops, pork ribs, pork steak and spanfarkels.<br><br>     Poultry 3 oz Jar â€“ Great on Chicken, turkey, Cornish hens, ducks, all wild game poultry and also makes a great rotisserie rub.<br><br>     Prime Rib &amp; Steak 5 oz. Jar â€“ Flavor up your Prime rib, beef steak, beef roasts, buffalo steaks, roasts and wild game cuts.<br><br>     Season All 5 oz. Jar â€“ Sprinkle over anything! Steaks, chops, hamburgers, potatoes, vegetables, soups, egg.<br><br>     Secret Recipe 4 oz. Jar â€“ We’ll tempt your taste buds with this winner! Use on meats, vegetables, soups, salads.<br><br>     Smokehouse BBQ (Hickory) 5 oz. Jar â€“ Ribs, pork chops, pork roasts, chicken or any wild game cuts.<br><br>     Steak Shake (Tenderloin) 5 oz. Jar â€“ Sprinkle on your whole tenderloins, fillets and roasts or any beef and buffalo cuts. Excellent on all your wild game cuts.<br><br>     Steak Rub (Canadian Mountie) 5 oz. Jar â€“ Sprinkle or rub on your beef steak, beef roast, buffalo steaks or roasts.<br><br>     WI Wild Game Rub 4 oz. Jar â€“ Flavor up your beef, pork, wild game steaks and roasts. Also makes a great rib rub.</p>","Ehlenbach's Cheese Chalet","Gourmet","design-batch-2025-10-28, gourmet, category-inferred","true","active","Title","Default Title","seasonings","6.99","","deny","manual","454","lb","true","https://ehlenbachscheese.com/prodimages/seasonings.jpg","1","Ehlenbach's Gourmet Seasonings","Gourmet"
"9-1-2oz-jams-and-jellies-boysenberry-jam","9-1/2oz. Jams and Jellies - Boysenberry Jam","<p>Locally made Boysenberry Jam that is sure to please. One of our 16 flavors! Go ahead and spread it on a little thick. Jams: (Jams are made from quality fruit - whole or sliced)</p>","Ehlenbach's Cheese Chalet","Gourmet","design-batch-2025-10-28, gourmet, category-inferred","true","active","Title","Default Title","912ozjamsandjelliesboysenberryjam","7.99","","deny","manual","454","lb","true","https://ehlenbachscheese.com/prodimages/6114_New_Catalog_2010_001.jpg","1","9-1/2oz. Jams and Jellies - Boysenberry Jam","Gourmet"
"honey-malt-lager-cheddar","Honey Malt Lager Cheddar","<p>This white cheese is pressed, the curds are soaked in a honey malt lager.Contains: Alcohol and WheatWeight: 1lb</p>","Ehlenbach's Cheese Chalet","Gourmet","design-batch-2025-10-28, gourmet, category-inferred","true","active","Title","Default Title","1lbhoneymaltlager","14.99","","deny","manual","454","lb","true","https://ehlenbachscheese.com/prodimages/1-lb-nut-brown-ale.jpg","1","Honey Malt Lager Cheddar","Gourmet"
"10-oz-string-cheese-whips","10 oz. String Cheese Whips","<p>10 oz. String Cheese Whips</p>","Ehlenbach's Cheese Chalet","String Cheese","design-batch-2025-10-28, string-cheese, category-inferred","true","active","Title","Default Title","stringcheesewhips","8.99","","deny","manual","454","lb","true","https://ehlenbachscheese.com/prodimages/String%20Cheese%20Whips.JPG","1","10 oz. String Cheese Whips","String Cheese"
"9-1-2oz-jams-and-jellies-choke-cherry-jelly","9-1/2oz. Jams and Jellies - Choke Cherry Jelly","<p>Locally made Choke Cherry Jelly that is sure to please. One of our 16 flavors! Go ahead and spread it on a little thick. Jelly: (Jelly is made from fruit JUICE, with no fruit pieces in it.)</p>","Ehlenbach's Cheese Chalet","Gourmet","design-batch-2025-10-28, gourmet, category-inferred","true","active","Title","Default Title","912ozjamsandjellieschokecherryjelly","7.99","","deny","manual","454","lb","true","https://ehlenbachscheese.com/prodimages/6114_New_Catalog_2010_001.jpg","1","9-1/2oz. Jams and Jellies - Choke Cherry Jelly","Gourmet"
"wisconsin-dill-havarti","Wisconsin Dill Havarti","<p>Wisconsin&#x27;s famous Havarti cheese with dill added.</p>","Ehlenbach's Cheese Chalet","Bricks and Havarti","design-batch-2025-10-28, bricks-and-havarti, category-inferred","true","active","Title","Default Title","wisconsindillhavarti","11.99","","deny","manual","454","lb","true","https://ehlenbachscheese.com/prodimages/wisconsin-dill-havarti.jpg","1","Wisconsin Dill Havarti","Bricks and Havarti"
"12-oz-pepper-string-cheese","12 oz Pepper String Cheese","<p>12 oz String Cheese with Pepper.</p>","Ehlenbach's Cheese Chalet","String Cheese","design-batch-2025-10-28, string-cheese, category-inferred","true","active","Title","Default Title","12ozstringcheesepepper","9.99","","deny","manual","454","lb","true","https://ehlenbachscheese.com/prodimages/Pepper%20String.JPG","1","12 oz Pepper String Cheese","String Cheese"
"mild-brick","Mild Brick","<p>White, creamy, and mild in flavor.</p>","Ehlenbach's Cheese Chalet","Bricks and Havarti","design-batch-2025-10-28, bricks-and-havarti, category-inferred","true","active","Title","Default Title","mildbrick","7.99","","deny","manual","454","lb","true","https://ehlenbachscheese.com/prodimages/mild-brick.jpg","1","Mild Brick","Bricks and Havarti"
"ehlenbachs-fruit-butters-9-5-oz-apple","Ehlenbach’s Fruit Butters, 9.5 oz. - Apple","<p>Our Apple fruit butters are made especially for our store with real fruit for a home-made taste, and are sure to please.</p>","Ehlenbach's Cheese Chalet","Gourmet","design-batch-2025-10-28, gourmet, category-inferred","true","active","Title","Default Title","ehlenbachsfruitbutters95ozapple","7.99","","deny","manual","454","lb","true","https://ehlenbachscheese.com/prodimages/6114_New_Catalog_2010_001.jpg","1","Ehlenbach’s Fruit Butters, 9.5 oz. - Apple","Gourmet"
"winnie-the-blue-cheese-12-oz","Winnie the Blue Cheese, 12 oz.","<p>An Ehlenbach’s Exclusive, blue cheese and 100% Natural Raw Wisconsin Honey. 12 oz.</p>","Ehlenbach's Cheese Chalet","Blue Cheese","design-batch-2025-10-28, blue-cheese, category-inferred","true","active","Title","Default Title","winniethebluecheese12oz","13.99","","deny","manual","454","lb","true","https://ehlenbachscheese.com/prodimages/Winnie-the-Blue-Cheese.jpg","1","Winnie the Blue Cheese, 12 oz.","Blue Cheese"
"9-1-2oz-jams-and-jellies-cranberry-jam","9-1/2oz. Jams and Jellies - Cranberry Jam","<p>Locally made Cranberry Jam that is sure to please. One of our 16 flavors! Go ahead and spread it on a little thick. Jelly: (Jelly is made from fruit JUICE, with no fruit pieces in it.)</p>","Ehlenbach's Cheese Chalet","Gourmet","design-batch-2025-10-28, gourmet, category-inferred","true","active","Title","Default Title","912ozjamsandjelliescranbeeryjam","7.99","","deny","manual","454","lb","true","https://ehlenbachscheese.com/prodimages/Cranberry%20Jam.JPG","1","9-1/2oz. Jams and Jellies - Cranberry Jam","Gourmet"
"ehlenbach-s-key-chain","Ehlenbach's Key Chain","<p>This key chain has Sissy the Cow standing proudly in front with the Cheese Chalet in the background. The image is on the front and back of the key chain.</p>","Ehlenbach's Cheese Chalet","Souvenirs","design-batch-2025-10-28, souvenirs, category-inferred","true","active","Title","Default Title","ehlenbachskeychain","7.33","","deny","manual","454","lb","true","https://ehlenbachscheese.com/prodimages/ehlenbachs-key-chain.jpg","1","Ehlenbach's Key Chain","Souvenirs"
"true-blue-cheddar","True Blue Cheddar","<p>Cheddar Cheese with chunks of Blue Cheese throughout. If you can&#x27;t decide which one to put on your burger, why not have both! Weight: 1lb</p>","Ehlenbach's Cheese Chalet","Blue Cheese","design-batch-2025-10-28, blue-cheese, category-inferred","true","active","Title","Default Title","1lb.truebluecheddar","12.99","","deny","manual","454","lb","true","https://ehlenbachscheese.com/prodimages/True-Blue-Cheddar.jpg","1","True Blue Cheddar","Blue Cheese"
"9-1-2oz-jams-and-jellies-cranberry-jelly","9-1/2oz. Jams and Jellies - Cranberry Jelly","<p>Locally made Cranberry Jelly that is sure to please. One of our 16 flavors! Go ahead and spread it on a little thick. Jelly: (Jelly is made from fruit JUICE, with no fruit pieces in it.)</p>","Ehlenbach's Cheese Chalet","Gourmet","design-batch-2025-10-28, gourmet, category-inferred","true","active","Title","Default Title","912ozjamsandjelliescranberryjelly","7.99","","deny","manual","454","lb","true","https://ehlenbachscheese.com/prodimages/6114_New_Catalog_2010_001.jpg","1","9-1/2oz. Jams and Jellies - Cranberry Jelly","Gourmet"
"maple-cheddar","Maple Cheddar","<p>Cheddar cheese pressed with sweet, Wisconsin Maple Syrup.Weight: 1lb</p>","Ehlenbach's Cheese Chalet","Cheddars","design-batch-2025-10-28, cheddars, category-inferred","true","active","Title","Default Title","maplecheddar","9.99","","deny","manual","454","lb","true","https://ehlenbachscheese.com/prodimages/Maple%20Ched%201%20resized.jpg","1","Maple Cheddar","Cheddars"
"ehlenbachs-fruit-butters-9-5-oz-pumpkin","Ehlenbach’s Fruit Butters, 9.5 oz. - Pumpkin","<p>Our Pumpkin fruit butters are made especially for our store with real fruit for a home-made taste, and are sure to please.</p>","Sold By Ehlenbach's Cheese Chalet","Gourmet","design-batch-2025-10-28, gourmet, category-inferred","true","active","Title","Default Title","ehlenbachsfruitbutters95ozpumpkin","7.99","","deny","manual","454","lb","true","https://ehlenbachscheese.com/prodimages/Pumpkin%20Butter.JPG","1","Ehlenbach’s Fruit Butters, 9.5 oz. - Pumpkin","Gourmet"
"beef-stick-pack","Beef Stick Pack","<p>All beef snacking sticks - choose from 8 pack or 40 pack.</p>","Ehlenbach's Cheese Chalet","Snack Sticks & Beef Jerky","design-batch-2025-10-28, snack-sticks-beef-jerky, category-inferred","true","active","Title","Default Title","beefstickpack","10.99","","deny","manual","454","lb","true","https://ehlenbachscheese.com/prodimages/Beef-Stick-Pack.jpg","1","Beef Stick Pack","Snack Sticks & Beef Jerky"
"bourbon-blue-cheese-1-5-lb","Bourbon Blue Cheese, 1.5 lb","<p>An Ehlenbach’s Exclusive, blue cheese infused with Kentucky Bulleit Bourbon. 1.5 lb.(Contains Alcohol)</p>","Ehlenbach's Cheese Chalet","Blue Cheese","design-batch-2025-10-28, blue-cheese, category-inferred","true","active","Title","Default Title","bourbonbluecheese1.5lb","26.99","","deny","manual","680","lb","true","https://ehlenbachscheese.com/prodimages/Garlicky-Blue-Cheese.jpg","1","Bourbon Blue Cheese, 1.5 lb","Blue Cheese"
"9-1-2oz-jams-and-jellies-elderberry-jelly","9-1/2oz. Jams and Jellies - Elderberry Jelly","<p>Locally made Elderberry Jelly that is sure to please. One of our 16 flavors! Go ahead and spread it on a little thick. Jelly: (Jelly is made from fruit JUICE, with no fruit pieces in it.)</p>","Ehlenbach's Cheese Chalet","Gourmet","design-batch-2025-10-28, gourmet, category-inferred","true","active","Title","Default Title","912ozjamsandjellieselderberryjelly","7.99","","deny","manual","283","lb","true","https://ehlenbachscheese.com/prodimages/Elderberry%20Jelly.JPG","1","9-1/2oz. Jams and Jellies - Elderberry Jelly","Gourmet"
"garlicky-blue-cheese-12-oz","Garlicky Blue Cheese, 12 oz","<p>An Ehlenbach’s Exclusive, blue cheese infused with garlic. 12 oz.</p>","Ehlenbach's Cheese Chalet","Blue Cheese","design-batch-2025-10-28, blue-cheese, category-inferred","true","active","Title","Default Title","garlickybluecheese12oz","13.99","","deny","manual","340","lb","true","https://ehlenbachscheese.com/prodimages/Garlicky-Blue-Cheese.jpg","1","Garlicky Blue Cheese, 12 oz","Blue Cheese"
"steakhouse-blue-cheese-12-oz","Steakhouse Blue Cheese, 12 oz.","<p>An Ehlenbach’s Exclusive, our Steakhouse blue cheese is injected with au jus and rubbed with our Steakhouse Seasoning blend. Great on steaks, burgers, salads.12 oz.Contains: Anchovies</p>","Ehlenbach's Cheese Chalet","Blue Cheese","design-batch-2025-10-28, blue-cheese, category-inferred","true","active","Title","Default Title","steakhousebluecheese12oz","13.99","","deny","manual","340","lb","true","https://ehlenbachscheese.com/prodimages/Steakhouse-blue.jpg","1","Steakhouse Blue Cheese, 12 oz.","Blue Cheese"
"12-oz-cherrywood-smoked-string-cheese","12 oz. Cherrywood Smoked String Cheese","<p>12 oz. String Cheese, Cherrywood Smoke Flavor.</p>","Ehlenbach's Cheese Chalet","String Cheese","design-batch-2025-10-28, string-cheese, category-inferred","true","active","Title","Default Title","12ozstringcheesecherrywood","10.99","","deny","manual","340","lb","true","https://ehlenbachscheese.com/prodimages/Cherrywood%20Smoked%20String%20Cheese.JPG","1","12 oz. Cherrywood Smoked String Cheese","String Cheese"
"bourbon-barrel-aged-maple-syrup-12-5-oz","Bourbon Barrel Aged Maple Syrup 12.5 oz","<p>Bourbon Barrel Aged Maple Syrup. Wisconsin Maple Syrup aged for 2 year in Bourbon Barrels from Central Waters Brewing Company located in Amherst, Wisconsin. Certified organic. 12.5 oz.</p>","Ehlenbach's Cheese Chalet","Gourmet","design-batch-2025-10-28, gourmet, category-inferred","true","active","Title","Default Title","bourbonmaplesyrup12.5","26.99","","deny","manual","369","lb","true","https://ehlenbachscheese.com/prodimages/Bourbon%20Syrup.jpg","1","Bourbon Barrel Aged Maple Syrup 12.5 oz","Gourmet"
"pure-and-organic-maple-syrup-12-5-oz","Pure and Organic Maple Syrup 12.5 oz","<p>Pure and Certified Organic Maple Syrup Flask. 12.5 oz.</p>","Ehlenbach's Cheese Chalet","Gourmet","design-batch-2025-10-28, gourmet, category-inferred","true","active","Title","Default Title","pureorganicmaplesyrup12.5","19.99","","deny","manual","369","lb","true","https://ehlenbachscheese.com/prodimages/PureOrganicSyrupresized.jpg","1","Pure and Organic Maple Syrup 12.5 oz","Gourmet"
"ehlenbach-beef-sausage-plain-1-lb","Ehlenbach Beef Sausage, Plain, 1 lb.","<p>This sausage is made especially for our store. This WORLD CHAMPION sausage is a must try. Contains no MSG and is gluten free---Great flavor. Truly our most popular summer sausage.</p>","Ehlenbach's Cheese Chalet","Sausage & Salami","design-batch-2025-10-28, sausage-salami, category-inferred","true","active","Title","Default Title","ehlenbachbeefsausageplain1","14.99","","deny","manual","907","lb","true","https://ehlenbachscheese.com/prodimages/Plain%20Summer%20Sausage%20%20lb..JPG","1","Ehlenbach Beef Sausage, Plain, 1 lb.","Sausage & Salami"
"ehlenbach-beef-sausage-plain-2-lbs","Ehlenbach Beef Sausage, Plain, 2 lbs.","<p>This plain sausage is made especially for our store. This WORLD CHAMPION sausage is a must try. Contains no MSG and is gluten free---Great flavor. Truly our most popular summer sausage.</p>","Ehlenbach's Cheese Chalet","Sausage & Salami","design-batch-2025-10-28, sausage-salami, category-inferred","true","active","Title","Default Title","ehlenbachbeefsausageplain2","28.99","","deny","manual","907","lb","true","https://ehlenbachscheese.com/prodimages/Plain%20Summer%20Sausage%202%20lb..JPG","1","Ehlenbach Beef Sausage, Plain, 2 lbs.","Sausage & Salami"
"salsa-mango","Salsa - Mango","<p>You&#x27;ll want to try our Mango Salsa salsa. Made with the freshest ingredients.</p>","mango","Gourmet","design-batch-2025-10-28, gourmet, category-inferred","true","active","Title","Default Title","salsamango","8.99","","deny","manual","907","lb","true","https://ehlenbachscheese.com/prodimages/5374_Web_site_pictures_9-08_042.jpg","1","Salsa - Mango","Gourmet"
"holy-ghost-blue-cheese-1-5-lb","Holy Ghost Blue Cheese, 1.5 lb","<p>An Ehlenbach’s Exclusive, Blue Cheese infused with Holy Ghost Chili Pepper Hot Sauce from Bushel &amp; Peck&#x27;s. 1.5 lb.</p>","Ehlenbach's Cheese Chalet","Blue Cheese","design-batch-2025-10-28, blue-cheese, category-inferred","true","active","Title","Default Title","holyghostbluecheese1.5lb","26.99","","deny","manual","907","lb","true","https://ehlenbachscheese.com/prodimages/Holy%20Ghost%20Blue%201%20resized.jpg","1","Holy Ghost Blue Cheese, 1.5 lb","Blue Cheese"
"salsa-strawberry","Salsa - Strawberry","<p>You&#x27;ll want to try our Strawberry Salsa. Made with the freshest ingredients.</p>","Ehlenbach's Cheese Chalet","Gourmet","design-batch-2025-10-28, gourmet, category-inferred","true","active","Title","Default Title","salsastrawberry","8.99","","deny","manual","907","lb","true","https://ehlenbachscheese.com/prodimages/5374_Web_site_pictures_9-08_042.jpg","1","Salsa - Strawberry","Gourmet"
"steakhouse-blue-cheese-1-5-lbs","Steakhouse Blue Cheese, 1.5 lbs.","<p>An Ehlenbach’s Exclusive, our Steakhouse blue cheese is injected with au jus and rubbed with our Steakhouse Seasoning blend. Great on steaks, burgers, salads. 1.5 lbs. Contains: Anchovies</p>","Ehlenbach's Cheese Chalet","Blue Cheese","design-batch-2025-10-28, blue-cheese, category-inferred","true","active","Title","Default Title","steakhousebluecheese1.5lb","26.99","","deny","manual","907","lb","true","https://ehlenbachscheese.com/prodimages/Steakhouse-blue.jpg","1","Steakhouse Blue Cheese, 1.5 lbs.","Blue Cheese"
"garlicky-blue-cheese-1-5-bs","Garlicky Blue Cheese, 1.5 bs.","<p>An Ehlenbach’s Exclusive, blue cheese infused with garlic. 1.5 lbs.</p>","Ehlenbach's Cheese Chalet","Blue Cheese","design-batch-2025-10-28, blue-cheese, category-inferred","true","active","Title","Default Title","garlickybluecheese1.5","26.99","","deny","manual","907","lb","true","https://ehlenbachscheese.com/prodimages/Garlicky-Blue-Cheese.jpg","1","Garlicky Blue Cheese, 1.5 bs.","Blue Cheese"
"winnie-the-blue-cheese-1-5-lbs","Winnie the Blue Cheese, 1.5 lbs.","<p>An Ehlenbach’s Exclusive, blue cheese and 100% Natural Raw Wisconsin Honey. 1.5 lbs.</p>","Ehlenbach's Cheese Chalet","Blue Cheese","design-batch-2025-10-28, blue-cheese, category-inferred","true","active","Title","Default Title","winniethebluecheese1.5lb","26.99","","deny","manual","907","lb","true","https://ehlenbachscheese.com/prodimages/Winnie-the-Blue-Cheese.jpg","1","Winnie the Blue Cheese, 1.5 lbs.","Blue Cheese"
"salsa-hot-garden","Salsa - Hot Garden","<p>You&#x27;ll want to try our Hot Garden Salsa salsa. Made with the freshest ingredients.</p>","Ehlenbach's Cheese Chalet","Gourmet","design-batch-2025-10-28, gourmet, category-inferred","true","active","Title","Default Title","salsahotgarden","8.99","","deny","manual","907","lb","true","https://ehlenbachscheese.com/prodimages/5374_Web_site_pictures_9-08_042.jpg","1","Salsa - Hot Garden","Gourmet"
"ehlenbach-beef-sausage-garlic-2-lbs","Ehlenbach Beef Sausage, Garlic, 2 lbs.","<p>This garlic sausage is made especially for our store. This WORLD CHAMPION sausage is a must try. Contains no MSG and it gluten free---Great flavor. Truly our most popular summer sausage.</p>","Ehlenbach's Cheese Chalet","Sausage & Salami","design-batch-2025-10-28, sausage-salami, category-inferred","true","active","Title","Default Title","ehlenbachbeefsausagegarlic2","28.99","","deny","manual","907","lb","true","https://ehlenbachscheese.com/prodimages/Garlic%20Summer%20Sausage%202%20lb..JPG","1","Ehlenbach Beef Sausage, Garlic, 2 lbs.","Sausage & Salami"
"ehlenbach-s-jalapeno-cheddar-landjaeger","Ehlenbach's Jalapeno Cheddar Landjaeger","<p>6 pair packEhlenbach’s Exclusive Recipe â€“ German style meat sticks with Jalapeno and Cheddar.(For a more dry and chewy texture, hang Landjaegers out to dry at room temperatureâ€¦they do not require refrigeration.)</p>","Ehlenbach's Cheese Chalet","Snack Sticks & Beef Jerky","design-batch-2025-10-28, snack-sticks-beef-jerky, category-inferred","true","active","Title","Default Title","ehlenbachsjalapenocheddarlandjaeger","42.99","","deny","manual","907","lb","true","https://ehlenbachscheese.com/prodimages/Jalapeno%20Cheddar%20Landjaeger%20.JPG","1","Ehlenbach's Jalapeno Cheddar Landjaeger","Snack Sticks & Beef Jerky"
"salsa-mild-garden","Salsa - Mild Garden","<p>You&#x27;ll want to try our Mild Garden Salsa salsa. Made with the freshest ingredients.</p>","Ehlenbach's Cheese Chalet","Gourmet","design-batch-2025-10-28, gourmet, category-inferred","true","active","Title","Default Title","salsamildgarden","8.99","","deny","manual","907","lb","true","https://ehlenbachscheese.com/prodimages/5374_Web_site_pictures_9-08_042.jpg","1","Salsa - Mild Garden","Gourmet"
"salsa-pineapple","Salsa - Pineapple","<p>You&#x27;ll want to try our Pineapple Salsa salsa. Made with the freshest ingredients.</p>","Ehlenbach's Cheese Chalet","Gourmet","design-batch-2025-10-28, gourmet, category-inferred","true","active","Title","Default Title","salsapineapple","8.99","","deny","manual","907","lb","true","https://ehlenbachscheese.com/prodimages/5374_Web_site_pictures_9-08_042.jpg","1","Salsa - Pineapple","Gourmet"
"salsa-corn-16oz","Salsa - Corn 16oz","<p>You&#x27;ll want to try our 16oz Corn Salsa salsa. Made with the freshest ingredients.</p>","Ehlenbach's Cheese Chalet","Gourmet","design-batch-2025-10-28, gourmet, category-inferred","true","active","Title","Default Title","salsacorn16","8.99","","deny","manual","907","lb","true","https://ehlenbachscheese.com/prodimages/5374_Web_site_pictures_9-08_042.jpg","1","Salsa - Corn 16oz","Gourmet"
"salsa-cherry","Salsa - Cherry","<p>You&#x27;ll want to try our Cherry Salsa salsa. Made with the freshest ingredients.</p>","Ehlenbach's Cheese Chalet","Gourmet","design-batch-2025-10-28, gourmet, category-inferred","true","active","Title","Default Title","salsacherry","8.99","","deny","manual","907","lb","true","https://ehlenbachscheese.com/prodimages/5374_Web_site_pictures_9-08_042.jpg","1","Salsa - Cherry","Gourmet"
"salsa-medium-garden","Salsa - Medium Garden","<p>You&#x27;ll want to try our Medium Garden Salsa salsa. Made with the freshest ingredients.</p>","Sold By Ehlenbach's Cheese Chalet","Gourmet","design-batch-2025-10-28, gourmet, category-inferred","true","active","Title","Default Title","salsamediumgarden","8.99","","deny","manual","907","lb","true","https://ehlenbachscheese.com/prodimages/5374_Web_site_pictures_9-08_042.jpg","1","Salsa - Medium Garden","Gourmet"
"ehlenbach-s-original-landjaeger","Ehlenbach's Original Landjaeger","<p>6 pair pack<br>   Ehlenbach’s Exclusive Recipe â€“ German style meat sticks.<br>   (For a more dry and chewy texture, hang Landjaegers out to dry at room temperatureâ€¦they do not require refrigeration.)</p>","Ehlenbach's Cheese Chalet","Snack Sticks & Beef Jerky","design-batch-2025-10-28, snack-sticks-beef-jerky, category-inferred","true","active","Title","Default Title","ehlenbachsoriginallandjaeger","42.99","","deny","manual","907","lb","true","https://ehlenbachscheese.com/prodimages/Original%20Landjaeger.JPG","1","Ehlenbach's Original Landjaeger","Snack Sticks & Beef Jerky"
"salsa-cranberry","Salsa - Cranberry","<p>You&#x27;ll want to try our Cranberry Salsa salsa. Made with the freshest ingredients.</p>","Ehlenbach's Cheese Chalet","Gourmet","design-batch-2025-10-28, gourmet, category-inferred","true","active","Title","Default Title","salsacranberry","8.99","","deny","manual","907","lb","true","https://ehlenbachscheese.com/prodimages/5374_Web_site_pictures_9-08_042.jpg","1","Salsa - Cranberry","Gourmet"
"bourbon-barrel-aged-maple-syrup-1-7-oz","Bourbon Barrel Aged Maple Syrup 1.7 oz","<p>Bourbon Barrel Aged Maple Syrup. Wisconsin Maple Syrup aged for 2 year in Bourbon Barrels from Central Waters Brewing Company located in Amherst, Wisconsin. Certified organic. 1.7 oz.</p>","Ehlenbach's Cheese Chalet","Gourmet","design-batch-2025-10-28, gourmet, category-inferred","true","active","Title","Default Title","bourbonmaplesyrup1.7","8.99","","deny","manual","57","lb","true","https://ehlenbachscheese.com/prodimages/Bourbon%20Syrup.jpg","1","Bourbon Barrel Aged Maple Syrup 1.7 oz","Gourmet"
"31-oz-dill-pickles-jalapeno","31 oz. Dill Pickles - Jalapeno","<p>If you are a fan of pickles, you&#x27;ll LOVE our Jalapeno pickles, whether you like them hot or mild.</p>","Ehlenbach's Cheese Chalet","Gourmet","design-batch-2025-10-28, gourmet, category-inferred","true","active","Title","Default Title","31ozdillpicklesjalapeno","9.99","","deny","manual","1361","lb","true","https://ehlenbachscheese.com/prodimages/31-oz.-Dill-Pickles.jpg","1","31 oz. Dill Pickles - Jalapeno","Gourmet"
"stuffed-cheese-plush-bundle","Stuffed Cheese Plush Bundle","<p>Exclusively made for Ehlenbach&#x27;s Cheese Chalet, this bundle of Stuffed Cheeses includes Buttery Swiss, Wisconsin Blue Cheese, and Smoked Gouda! (Tax is included in the purchase price.)</p>","Ehlenbach's Cheese Chalet","Souvenirs","design-batch-2025-10-28, souvenirs, category-inferred","true","active","Title","Default Title","stuffedcheesebundleswissbluegouda","60.12","","deny","manual","1361","lb","true","https://ehlenbachscheese.com/prodimages/IMG_5814.JPG","1","Stuffed Cheese Plush Bundle","Souvenirs"
"31-oz-dill-pickles-garlic-and-onion","31 oz. Dill Pickles - Garlic and Onion","<p>If you are a fan of pickles, you&#x27;ll LOVE our Garlic &amp; Onion pickles, whether you like them hot or mild.</p>","Ehlenbach's Cheese Chalet","Gourmet","design-batch-2025-10-28, gourmet, category-inferred","true","active","Title","Default Title","31ozdillpicklesgarliconion","9.99","","deny","manual","1361","lb","true","https://ehlenbachscheese.com/prodimages/31-oz.-Dill-Pickles.jpg","1","31 oz. Dill Pickles - Garlic and Onion","Gourmet"
"31-oz-dill-pickles-habanero","31 oz. Dill Pickles - Habanero","<p>If you are a fan of pickles, you&#x27;ll LOVE our Habanero pickles, whether you like them hot or mild.</p>","Ehlenbach's Cheese Chalet","Gourmet","design-batch-2025-10-28, gourmet, category-inferred","true","active","Title","Default Title","31ozdillpickleshabanero","9.99","","deny","manual","1361","lb","true","https://ehlenbachscheese.com/prodimages/31-oz.-Dill-Pickles.jpg","1","31 oz. Dill Pickles - Habanero","Gourmet"
"bourbon-barrel-aged-maple-syrup-3-oz","Bourbon Barrel Aged Maple Syrup 3 oz","<p>Bourbon Barrel Aged Maple Syrup. Wisconsin Maple Syrup aged for 2 year in Bourbon Barrels from Central Waters Brewing Company located in Amherst, Wisconsin. Certified organic. 3 oz.</p>","Ehlenbach's Cheese Chalet","Gourmet","design-batch-2025-10-28, gourmet, category-inferred","true","active","Title","Default Title","bourbonmaplesyrup3","19.99","","deny","manual","85","lb","true","https://ehlenbachscheese.com/prodimages/Bourbon%20Syrup.jpg","1","Bourbon Barrel Aged Maple Syrup 3 oz","Gourmet"
"oh-my-gouda-ness-mayana-chocolate-bar-3-5-oz","Oh My Gouda-ness Mayana Chocolate Bar 3.5 oz.","<p>3.5 oz. Oh My Gouda-ness Mayana Chocolate BarThis Gourmet Candy Bar is made exclusively for Ehlenbach&#x27;s Cheese - Contains Dark Chocolate, Smoked Gouda Cracker Crunch (made from the Gouda we Smoked on-site), Caramel and Smoked Sea Saltcontains: Tree Nuts, Wheat, Milk and Soy(Tax is included in the purchase price.)</p>","Ehlenbach's Cheese Chalet","Candy","design-batch-2025-10-28, candy, category-inferred","true","active","Title","Default Title","ohmygoudanesmayanachocolatebar3.5oz","10.54","","deny","manual","113","lb","true","https://ehlenbachscheese.com/prodimages/Oh%20My%20Gouda-ness%20Bar.JPG","1","Oh My Gouda-ness Mayana Chocolate Bar 3.5 oz.","Candy"
"i-love-sissy-the-cow-oval-magnet","I love Sissy the Cow Oval Magnet","<p>Do you love Sissy the Cow? We sure do! Profess your love with this oval rubber magnet.</p>","Ehlenbach's Cheese Chalet","Souvenirs","design-batch-2025-10-28, souvenirs, category-inferred","true","active","Title","Default Title","ilovesissythecowovalmagnet","6.25","","deny","manual","142","lb","true","https://ehlenbachscheese.com/prodimages/i-love-sissy-the-cow-oval-magnet.jpg","1","I love Sissy the Cow Oval Magnet","Souvenirs"
"gorgonzola-blue-cheese-6-lbs","Gorgonzola Blue Cheese, 6 lbs.","<p>Semisoft; blue-green mold marbled throughout, our Gorgonzola Blue Cheese is crumbly with a strong flavor. Aged 90+ days. 6lbs.</p>","Ehlenbach's Cheese Chalet","Blue Cheese","design-batch-2025-10-28, blue-cheese, category-inferred","true","active","Title","Default Title","gorganzolabluecheese6","69.95","","deny","manual","2722","lb","true","https://ehlenbachscheese.com/prodimages/3159_cheese_040.jpg","1","Gorgonzola Blue Cheese, 6 lbs.","Blue Cheese"
"wisconsin-blue-cheese-6-lbs","Wisconsin Blue Cheese, 6 lbs.","<p>Semisoft; blue-green mold marbled throughout, white interior. Crumbly; sharp, piquant flavor. Aged 60+ days. 6 lbs.</p>","Ehlenbach's Cheese Chalet","Blue Cheese","design-batch-2025-10-28, blue-cheese, category-inferred","true","active","Title","Default Title","wisconsinbluecheese6","63.95","","deny","manual","2722","lb","true","https://ehlenbachscheese.com/prodimages/Wisconsin-Blue-Cheese.jpg","1","Wisconsin Blue Cheese, 6 lbs.","Blue Cheese"
"portabella-mushroom-and-chive-5-5lb","Portabella Mushroom and Chive 5.5lb","<p>Another store favorite, our Portabella Mushroom &amp; Chive is a white Havarti style cheese with Portabella Mushrooms Galore! 5.5 lbs.</p>","Ehlenbach's Cheese Chalet","","design-batch-2025-10-28, needs-category-review","true","active","Title","Default Title","portabellomushroomchive5.5","68.99","","deny","manual","2722","lb","true","https://ehlenbachscheese.com/prodimages/portabello-mushroom-chive-cheddar.jpg","1","Portabella Mushroom and Chive 5.5lb",""
"5-7oz-fudge-chocolate-peanut-butter","5-7oz. Fudge - Chocolate Peanut Butter","<p>5-7oz. Fudge - Chocolate Peanut Butter flavored from Ehlenbachs Cheese Chalet.(Tax is included in the purchase price.)</p>","Ehlenbach's Cheese Chalet","Candy","design-batch-2025-10-28, candy, category-inferred","true","active","Title","Default Title","57ozfudgechocolatepeanutbutter","7.37","","deny","manual","198","lb","true","https://ehlenbachscheese.com/prodimages/Chocolate%20Peanut%20Butter%20Fudge.JPG","1","5-7oz. Fudge - Chocolate Peanut Butter","Candy"
"5-7oz-fudge-chocolate-amaretto","5-7oz. Fudge - Chocolate Amaretto","<p>5-7oz. Fudge - Chocolate Amaretto flavored from Ehlenbachs Cheese Chalet.(Tax is included in the purchase price.)</p>","Ehlenbach's Cheese Chalet","Candy","design-batch-2025-10-28, candy, category-inferred","true","active","Title","Default Title","57ozfudgechocolateamaretto","7.37","","deny","manual","198","lb","true","https://ehlenbachscheese.com/prodimages/Chocolate%20Amaretto%20Fudge.JPG","1","5-7oz. Fudge - Chocolate Amaretto","Candy"
"5-7oz-fudge","5-7oz. Fudge","<p>Wisconsin fudge at its greatest, creamy and delicious. All fudge is made with or around nuts. Call for our seasonal flavors! Chocolate Fudge, Chocolate Walnut, Mississippi Mud (White and Milk Chocolate with Pecans and Caramel) Chocolate Mint, Chocolate Peanut Butter, Chocolate Amaretto, Maple Pecan, Salted Nut Roll, Strawberry Cheese Cake, Praline(Tax is included in the purchase price.)</p>","Ehlenbach's Cheese Chalet","Candy","design-batch-2025-10-28, candy, category-inferred","true","active","Title","Default Title","57ozfudge","7.37","","deny","manual","198","lb","true","https://ehlenbachscheese.com/prodimages/Chocolate%20Fude.JPG","1","5-7oz. Fudge","Candy"
"5-7oz-fudge-praline","5-7oz. Fudge - Praline","<p>5-7oz. Fudge - Praline flavored from Ehlenbachs Cheese Chalet.(Tax is included in the purchase price.)</p>","Ehlenbach's Cheese Chalet","Candy","design-batch-2025-10-28, candy, category-inferred","true","active","Title","Default Title","57ozfudgepraline","7.37","","deny","manual","198","lb","true","https://ehlenbachscheese.com/prodimages/Praline%20Fudge.JPG","1","5-7oz. Fudge - Praline","Candy"
"5-7oz-fudge-mississippi-mud","5-7oz. Fudge - Mississippi Mud","<p>5-7oz. Fudge - Mississippi Mud flavored from Ehlenbachs Cheese Chalet.(Tax is included in the purchase price.)</p>","Ehlenbach's Cheese Chalet","Candy","design-batch-2025-10-28, candy, category-inferred","true","active","Title","Default Title","57ozfudgemississippimud","7.37","","deny","manual","198","lb","true","https://ehlenbachscheese.com/prodimages/Mississippi%20Mud%20Fudge.JPG","1","5-7oz. Fudge - Mississippi Mud","Candy"
"5-7oz-fudge-five-layer-fudge-with-sea-salt","5-7oz. Fudge - Five Layer Fudge with Sea Salt","<p>5-7oz. Fudge - Five Layer Fudge with Sea Salt.</p>","Ehlenbach's Cheese Chalet","Candy","design-batch-2025-10-28, candy, category-inferred","true","active","Title","Default Title","57ozfudgefivelayerfudgewithseasalt","7.37","","deny","manual","198","lb","true","https://ehlenbachscheese.com/prodimages/Five%20Layer%20Fudge%20with%20Sea%20Salt.JPG","1","5-7oz. Fudge - Five Layer Fudge with Sea Salt","Candy"
"5-7oz-fudge-chocolate-walnut","5-7oz. Fudge - Chocolate Walnut","<p>5-7oz. Fudge - Chocolate Walnut flavored from Ehlenbachs Cheese Chalet.(Tax is included in the purchase price.)</p>","Ehlenbach's Cheese Chalet","Candy","design-batch-2025-10-28, candy, category-inferred","true","active","Title","Default Title","57ozfudgechocolatewalnut","7.37","","deny","manual","198","lb","true","https://ehlenbachscheese.com/prodimages/Chocolate%20Walnut%20Fudge.JPG","1","5-7oz. Fudge - Chocolate Walnut","Candy"
"5-7oz-fudge-salted-nut-roll","5-7oz. Fudge - Salted Nut Roll","<p>5-7oz. Fudge - Salted Nut Roll flavored from Ehlenbachs Cheese Chalet.(Tax is included in the purchase price.)</p>","Ehlenbach's Cheese Chalet","Candy","design-batch-2025-10-28, candy, category-inferred","true","active","Title","Default Title","57ozfudgesaltednutroll","7.37","","deny","manual","198","lb","true","https://ehlenbachscheese.com/prodimages/Salted%20Nut%20Roll%20Fudge.JPG","1","5-7oz. Fudge - Salted Nut Roll","Candy"
"5-7oz-fudge-cow-tracks","5-7oz. Fudge - Cow Tracks","<p>5-7oz. Fudge - Sea Salt, Caramel and Toffee(Tax is included in the purchase price.)</p>","Ehlenbach's Cheese Chalet","Candy","design-batch-2025-10-28, candy, category-inferred","true","active","Title","Default Title","57ozfudgecowtracks","7.37","","deny","manual","198","lb","true","https://ehlenbachscheese.com/prodimages/Cow%20Tracks%20Fudge.JPG","1","5-7oz. Fudge - Cow Tracks","Candy"
"5-7oz-fudge-strawberry-cheesecake","5-7oz. Fudge - Strawberry Cheesecake","<p>5-7oz. Fudge - Strawberry Cheesecake flavored from Ehlenbachs Cheese Chalet.(Tax is included in the purchase price.)</p>","Ehlenbach's Cheese Chalet","Candy","design-batch-2025-10-28, candy, category-inferred","true","active","Title","Default Title","57ozfudgestrawberrycheesecake","7.37","","deny","manual","198","lb","true","https://ehlenbachscheese.com/prodimages/Strawberry%20Cheesecake%20Fudge.JPG","1","5-7oz. Fudge - Strawberry Cheesecake","Candy"
"8-oz-beef-jerky-honey-bbq","8 oz. Beef Jerky - Honey BBQ","<p>Our Honey BBQ Beef Jerky is made the way it is supposed to be. Made from black angus beef. This jerky is sure to please.</p>","Ehlenbach's Cheese Chalet","Snack Sticks & Beef Jerky","design-batch-2025-10-28, snack-sticks-beef-jerky, category-inferred","true","active","Title","Default Title","8ozbeefjerkyhoneybbq","18.99","","deny","manual","227","lb","true","https://ehlenbachscheese.com/prodimages/5693_Nov._30_Internet_pics_001.jpg","1","8 oz. Beef Jerky - Honey BBQ","Snack Sticks & Beef Jerky"
"8-oz-beef-jerky-sweet-bourbon","8 oz. Beef Jerky - Sweet Bourbon","<p>Our Sweet Bourbon Beef Jerky is made the way it is supposed to be. Made from black angus beef. This jerky is sure to please.</p>","Ehlenbach's Cheese Chalet","Snack Sticks & Beef Jerky","design-batch-2025-10-28, snack-sticks-beef-jerky, category-inferred","true","active","Title","Default Title","8ozbeefjerkysweetbourbon","18.99","","deny","manual","227","lb","true","https://ehlenbachscheese.com/prodimages/5693_Nov._30_Internet_pics_001.jpg","1","8 oz. Beef Jerky - Sweet Bourbon","Snack Sticks & Beef Jerky"
"8-oz-beef-jerky-plain","8 oz. Beef Jerky - Plain","<p>Our Plain Beef Jerky is made the way it is supposed to be. Made from black angus beef. This jerky is sure to please.</p>","Ehlenbach's Cheese Chalet","Snack Sticks & Beef Jerky","design-batch-2025-10-28, snack-sticks-beef-jerky, category-inferred","true","active","Title","Default Title","8ozbeefjerkyplain","18.99","","deny","manual","227","lb","true","https://ehlenbachscheese.com/prodimages/5693_Nov._30_Internet_pics_001.jpg","1","8 oz. Beef Jerky - Plain","Snack Sticks & Beef Jerky"
"8-oz-beef-jerky-sweet-and-spicy","8 oz. Beef Jerky - Sweet and Spicy","<p>Our Sweet &amp; Spicy Beef Jerky is made the way it is supposed to be. Made from black angus beef. This jerky is sure to please.</p>","Ehlenbach's Cheese Chalet","Snack Sticks & Beef Jerky","design-batch-2025-10-28, snack-sticks-beef-jerky, category-inferred","true","active","Title","Default Title","8ozbeefjerkysweetspicy","18.99","","deny","manual","227","lb","true","https://ehlenbachscheese.com/prodimages/5693_Nov._30_Internet_pics_001.jpg","1","8 oz. Beef Jerky - Sweet and Spicy","Snack Sticks & Beef Jerky"
"5-7oz-fudge-chocolate-mint","5-7oz. Fudge - Chocolate Mint","<p>5-7oz. Fudge - Chocolate Mint flavored from Ehlenbachs Cheese Chalet.(Tax is included in the purchase price.)</p>","Ehlenbach's Cheese Chalet","Candy","design-batch-2025-10-28, candy, category-inferred","true","active","Title","Default Title","57ozfudgechocolatemint","7.37","","deny","manual","227","lb","true","https://ehlenbachscheese.com/prodimages/Chocolate%20Mint%20Fudge.JPG","1","5-7oz. Fudge - Chocolate Mint","Candy"
"8-oz-coffeehouse-chocolate-cheese-fudge","8 oz. Coffeehouse Chocolate Cheese Fudge","<p>Creamy, smooth Wisconsin Havarti Chocolate Cheese with cocoa, cream, sugar, and coffee. Weight: 8oz</p>","Ehlenbach's Cheese Chalet","Candy","design-batch-2025-10-28, candy, category-inferred","true","active","Title","Default Title","coffeehousechocolatecheesefudge","9.99","","deny","manual","227","lb","true","","","","Candy"
"8-oz-chocolate-cheese-fudge-with-cherries","8 oz. Chocolate Cheese Fudge With Cherries","<p>Creamy, smooth Wisconsin Havarti Cheese with cocoa, cream, sugar, and cherries. Tastes just like fudge, but, dare we say, even better! Great melted for chocolate fondue, dessert grilled cheese, on s&#x27;mores, or just by itself!<br><br>   Weight: 8oz</p>","Ehlenbach's Cheese Chalet","Candy","design-batch-2025-10-28, candy, category-inferred","true","active","Title","Default Title","chocolatecheesefudgecherries","9.99","","deny","manual","227","lb","true","https://ehlenbachscheese.com/prodimages/Chocolate%20Cheese%20with%20Cherries.JPG","1","8 oz. Chocolate Cheese Fudge With Cherries","Candy"
"8-oz-limburger-cheese","8 oz. Limburger Cheese","<p>The strongest brick---very potent smell. Wisconsin is the only state in the U.S. to manufacture Limburger cheese, and it&#x27;s all produced from a single cheese plant.</p>","Ehlenbach's Cheese Chalet","","design-batch-2025-10-28, needs-category-review","true","active","Title","Default Title","8ozlimburgercheese","9.99","","deny","manual","227","lb","true","https://ehlenbachscheese.com/prodimages/Limburger%20Cheese.png","1","8 oz. Limburger Cheese",""
"8-oz-beef-jerky-hot-and-spicy","8 oz. Beef Jerky - Hot and Spicy","<p>Our Hot &amp; Spicy Beef Jerky is made the way it is supposed to be. Made from black angus beef. This jerky is sure to please.</p>","Ehlenbach's Cheese Chalet","Snack Sticks & Beef Jerky","design-batch-2025-10-28, snack-sticks-beef-jerky, category-inferred","true","active","Title","Default Title","8ozbeefjerkyhotspicy","18.99","","deny","manual","227","lb","true","https://ehlenbachscheese.com/prodimages/5693_Nov._30_Internet_pics_001.jpg","1","8 oz. Beef Jerky - Hot and Spicy","Snack Sticks & Beef Jerky"
"8-oz-chocolate-cheese-fudge-with-mint","8 oz. Chocolate Cheese Fudge With Mint","<p>Creamy, smooth Wisconsin Havarti Cheese with cocoa, cream, sugar, and mint extract. Tastes just like fudge, but, dare we say, even better! Great melted for chocolate fondue, dessert grilled cheese, on s&#x27;mores, or just by itself!Weight: 8oz</p>","Ehlenbach's Cheese Chalet","Candy","design-batch-2025-10-28, candy, category-inferred","true","active","Title","Default Title","chocolatecheesefudgewithmint","9.99","","deny","manual","227","lb","true","https://ehlenbachscheese.com/prodimages/chocolate-cheese-fudge.jpg","1","8 oz. Chocolate Cheese Fudge With Mint","Candy"
"8-oz-cherrywood-smoked-string-cheese-whips","8 oz. Cherrywood Smoked String Cheese Whips","<p>8 oz. Cherrywood Smoked String Cheese Whips</p>","Ehlenbach's Cheese Chalet","String Cheese","design-batch-2025-10-28, string-cheese, category-inferred","true","active","Title","Default Title","8ozsmokedstringcheesewhips","8.99","","deny","manual","227","lb","true","https://ehlenbachscheese.com/prodimages/Cherrywood%20Smoked%20String%20Whips.JPG","1","8 oz. Cherrywood Smoked String Cheese Whips","String Cheese"
"8-oz-beef-jerky-bloody-mary","8 oz. Beef Jerky - Bloody Mary","<p>Our Bloody Mary Beef Jerky is made the way it is supposed to be. Made from black angus beef. This jerky is sure to please.</p>","Ehlenbach's Cheese Chalet","Snack Sticks & Beef Jerky","design-batch-2025-10-28, snack-sticks-beef-jerky, category-inferred","true","active","Title","Default Title","8ozbeefjerkybloodymary","18.99","","deny","manual","227","lb","true","https://ehlenbachscheese.com/prodimages/5693_Nov._30_Internet_pics_001.jpg","1","8 oz. Beef Jerky - Bloody Mary","Snack Sticks & Beef Jerky"
"8-oz-chocolate-cheese-fudge-with-toffee-and-sea-salt","8 oz. Chocolate Cheese Fudge With Toffee and Sea Salt","<p>Creamy, smooth Wisconsin Havarti Cheese with cocoa, cream, sugar, toffee, and sea salt. Tastes just like fudge, but, dare we say, even better! Great melted for chocolate fondue, dessert grilled cheese, on s&#x27;mores, or just by itself! Weight: 8oz</p>","Ehlenbach's Cheese Chalet","Candy","design-batch-2025-10-28, candy, category-inferred","true","active","Title","Default Title","chocolatecheesefudgewithtoffeeseasalt","9.99","","deny","manual","227","lb","true","https://ehlenbachscheese.com/prodimages/Chocolate%20Cheese%20w%20Toffee%20and%20Sea%20Salt.png","1","8 oz. Chocolate Cheese Fudge With Toffee and Sea Salt","Candy"
"8-oz-chocolate-cheese-fudge","8 oz. Chocolate Cheese Fudge","<p>Creamy, smooth Wisconsin Havarti Cheese with cocoa, cream, and sugar. Tastes just like fudge, but, dare we say, even better! Great melted for chocolate fondue, dessert grilled cheese, on s&#x27;mores, or just by itself! Weight: 8oz</p>","Ehlenbach's Cheese Chalet","Candy","design-batch-2025-10-28, candy, category-inferred","true","active","Title","Default Title","chocolatecheesefudge","9.99","","deny","manual","227","lb","true","","","","Candy"
"5-7oz-fudge-buttered-rum-with-pecans","5-7oz. Fudge - Buttered Rum with Pecans","<p>5-7oz. Fudge - Buttered Rum with Pecans.(Tax is included in the purchase price.)</p>","Ehlenbach's Cheese Chalet","Candy","design-batch-2025-10-28, candy, category-inferred","true","active","Title","Default Title","57ozbutteredrumwithpecans","7.37","","deny","manual","","lb","true","https://ehlenbachscheese.com/prodimages/Buttered%20Rum%20with%20Pecans%20Fudge.JPG","1","5-7oz. Fudge - Buttered Rum with Pecans","Candy"
"holy-ghost-blue-cheese-12-oz","Holy Ghost Blue Cheese, 12 oz","<p>An Ehlenbach’s Exclusive, Blue Cheese infused with Holy Ghost Chili Pepper Hot Sauce from Bushel &amp; Peck&#x27;s. 12 oz.</p>","Ehlenbach's Cheese Chalet","Blue Cheese","design-batch-2025-10-28, blue-cheese, category-inferred","true","active","Title","Default Title","holyghostbluecheese12oz","13.99","","deny","manual","","lb","true","https://ehlenbachscheese.com/prodimages/Holy%20Ghost%20Blue%201%20resized.jpg","1","Holy Ghost Blue Cheese, 12 oz","Blue Cheese"
"horseradish-and-chive-havarti","Horseradish and Chive Havarti","<p>Creamy, semisoft with pin-sized holes. Has a nice blend of horseradish and chives added.</p>","Ehlenbach's Cheese Chalet","Bricks and Havarti","design-batch-2025-10-28, bricks-and-havarti, category-inferred","true","active","Title","Default Title","horseradishandchivehavarti","11.99","","deny","manual","","lb","true","https://ehlenbachscheese.com/prodimages/horseradish-and-chive-havarti.jpg","1","Horseradish and Chive Havarti","Bricks and Havarti"
